"p_val","avg_log2FC","pct.1","pct.2","p_val_adj","gene"
1.09826991581521e-280,6.8549808254138,0.945,0.097,2.52744855726553e-276,"IGHG2"
3.4193182764504e-277,3.76544675390696,0.981,0.17,7.8688771495953e-273,"IGHG3"
6.20891034187275e-274,8.05809463489994,0.939,0.168,1.42885653697518e-269,"IGHG1"
5.54242836813662e-197,8.2355560489235,0.747,0.034,1.27547904035928e-192,"IGHG4"
1.36550523975987e-190,7.11689283771292,0.84,0.263,3.14243720825939e-186,"IGHGP"
3.66602496176509e-131,-1.21628359692299,0.999,0.998,8.43662324450999e-127,"IGJ"
1.10854365238074e-99,-4.52257652451344,0.077,0.485,2.5510915072238e-95,"AL928768.3"
2.64003871559342e-99,-6.36068202508341,0.424,0.758,6.07552109619514e-95,"IGHA1"
3.10223487823122e-65,-7.85781145331108,0.029,0.31,7.13917312527351e-61,"IGHA2"
1.79516973639997e-51,-5.57851630395544,0.723,0.824,4.13122411437726e-47,"IGHM"
3.66535086851368e-45,-1.80523388916874,0.17,0.463,8.43507195371053e-41,"RHOQ"
3.27300774530889e-42,1.04844775268436,0.869,0.74,7.53217272427936e-38,"ITM2C"
1.22432869035032e-35,-0.944482112511132,0.39,0.674,2.8175476151032e-31,"TNFRSF17"
4.22588089405288e-25,-0.493897168773391,0.854,0.956,9.72501970148389e-21,"CALR"
1.48297966788073e-24,0.628779527490061,0.948,0.919,3.41278110969391e-20,"XBP1"
1.15720423270066e-23,-1.30390419579046,0.109,0.291,2.66307410071402e-19,"UTP3"
1.76473673326219e-23,-0.605229612700592,0.703,0.865,4.06118864425627e-19,"UBE2J1"
6.52388856890097e-22,0.417298409239386,0.995,0.988,1.50134247636118e-17,"IFI6"
9.4194361799049e-21,-1.06139924539055,0.25,0.451,2.16769484808152e-16,"S100A6"
6.29285065580557e-20,0.515438725042685,0.967,0.973,1.44817372142054e-15,"HLA-B"
4.19008992389716e-19,0.400147393256558,0.984,0.978,9.64265394186454e-15,"CD74"
1.59933138850123e-18,-1.11481134137239,0.196,0.371,3.68054132435788e-14,"SETX"
4.02635770267381e-17,1.25141575939028,0.391,0.222,9.26585698116324e-13,"RASSF6"
7.34004953196071e-17,0.355708743347676,0.994,0.993,1.68916559879012e-12,"CD79A"
2.65303206048744e-16,0.332301158050402,0.994,0.998,6.10542268079974e-12,"HLA-A"
2.89455851826969e-15,1.15752098226913,0.504,0.355,6.66124751809405e-11,"CCND2"
4.56422767993184e-14,1.01074066051594,0.374,0.226,1.05036571598272e-09,"BCL2L1"
1.34861046189592e-13,1.20968720558619,0.335,0.193,3.10355725596109e-09,"SELL"
6.85284364860381e-13,0.271588999899677,0.991,0.994,1.57704490885319e-08,"B2M"
2.55596294912562e-12,-1.54019830883084,0.132,0.252,5.88203753482279e-08,"IGHJ4"
4.31565796828324e-12,-1.00523117828962,0.135,0.26,9.93162368241023e-08,"C12orf57"
2.09297204522357e-11,0.583094987733664,0.736,0.658,4.816556567673e-07,"CECR1"
2.2551888660474e-11,0.315097484779636,0.976,0.974,5.18986613743487e-07,"HLA-C"
7.28879220092284e-11,0.58590890724705,0.815,0.753,1.67736974919837e-06,"RNF213"
1.20238838650593e-10,-0.893184317773427,0.145,0.262,2.76705639386611e-06,"S100A4"
1.80024653530431e-10,0.374985508641267,0.918,0.881,4.1429073516958e-06,"XAF1"
3.65923490978637e-10,-0.573329162605939,0.292,0.437,8.42099729789136e-06,"MIAT"
9.54930808515075e-10,-0.350243803968361,0.723,0.838,2.19758226963574e-05,"PDIA4"
1.01122092281244e-09,0.36351575186429,0.946,0.937,2.32712270966826e-05,"RPS27A"
1.26755244704276e-09,-0.686899555278778,0.2,0.321,2.9170184463795e-05,"ITGA4"
1.45418221694294e-09,-0.541474565811372,0.201,0.33,3.34650953585078e-05,"CHST12"
2.79312780028634e-09,-0.592711558672018,0.175,0.29,6.42782500679894e-05,"KDM5D"
3.19602099550869e-09,0.671708338585008,0.58,0.485,7.35500311696414e-05,"CD38"
3.26655701237247e-09,0.398038249647368,0.915,0.897,7.51732765257277e-05,"MX1"
3.66365320208377e-09,-0.507283141499557,0.399,0.533,8.43116511395539e-05,"PABPC4"
5.79914738860824e-09,-0.601029519959503,0.156,0.269,0.000133455778854041,"PPP1R2"
6.58751309177804e-09,-0.450458788890144,0.233,0.36,0.000151598438781088,"TMCO1"
6.87401989866724e-09,-0.817754830184979,0.186,0.301,0.000158191819928029,"WARS"
7.22492229440862e-09,-0.35196951703114,0.738,0.813,0.000166267136761226,"TRAM1"
8.44995478512296e-09,-0.382200392070053,0.539,0.671,0.000194458809470035,"MANF"
1.39387847011245e-08,-0.856883142805357,0.159,0.265,0.000320773252326977,"CD52"
2.00699399330279e-08,-0.600814103958315,0.175,0.287,0.000461869527678771,"COMMD3"
2.24434685791745e-08,0.881261402665364,0.303,0.194,0.000516491542412543,"CXCR4"
2.92547768677202e-08,-0.290024576729098,0.444,0.586,0.000673240180056845,"PPAPDC1B"
5.19975854708595e-08,0.672290439401719,0.578,0.494,0.00119662043444089,"APOBEC3C"
6.45353372650216e-08,-0.263738547810433,0.645,0.771,0.00148515171647994,"SLAMF7"
1.0342150082264e-07,-0.408032839720328,0.258,0.381,0.0023800389984314,"HLA-J"
1.11077239647396e-07,-0.414971038103926,0.308,0.437,0.00255622051600552,"HYOU1"
1.32490308797599e-07,-0.344510933134743,0.459,0.585,0.00304899947635914,"PDIA3"
1.64338096797614e-07,0.379243454735797,0.867,0.839,0.00378191262160348,"BTG2"
1.83055495810198e-07,0.378050003929414,0.81,0.785,0.00421265612508009,"FAM46C"
1.96067043365396e-07,-0.678775758793912,0.193,0.294,0.00451209086896786,"DBI"
2.01622754541078e-07,0.262896450910582,0.933,0.914,0.00463994445025383,"TMBIM6"
2.87058956448338e-07,0.591145564294966,0.525,0.435,0.0066060877647456,"PSME2"
3.79349163393061e-07,-0.419813358065092,0.411,0.532,0.00872996229716452,"SEMA4A"
4.19518246434586e-07,-0.471876394298084,0.158,0.259,0.00965437340519913,"CSF2RB"
4.28212818532661e-07,-0.346976495767623,0.668,0.757,0.00985446159289213,"TXNDC11"
5.06198208910391e-07,0.490293263472245,0.72,0.668,0.0116491393816548,"DDX5"
6.65105570692923e-07,0.389701030767032,0.788,0.78,0.0153060744983562,"STAT1"
6.94832978900988e-07,-0.327437323302731,0.662,0.748,0.0159901913434484,"RPL10"
8.01721540784127e-07,-0.746301642046853,0.165,0.257,0.0184500178180651,"NT5DC2"
9.13591029673033e-07,0.506546095922982,0.635,0.56,0.0210244703658655,"PPP2R5C"
1.00758473909543e-06,-0.624067237548953,0.16,0.251,0.0231875476008032,"ANKRD11"
1.35998403490153e-06,0.745280749288347,0.301,0.211,0.0312973125951888,"COBLL1"
1.90094263250156e-06,-0.396831381690535,0.299,0.413,0.0437463928017583,"ATP2A2"
1.99041926371469e-06,-0.36046815744469,0.441,0.56,0.0458055185158661,"VIM"
2.33564616256575e-06,-0.400608399564463,0.386,0.501,0.0537502251391257,"TCEA1"
2.85236912193884e-06,0.562803377358075,0.424,0.33,0.0656415706031785,"APOBEC3G"
5.17875288862027e-06,0.554620542356291,0.583,0.51,0.119178640225818,"TOP1"
5.9743079075863e-06,-0.427306852873786,0.191,0.283,0.137486747877284,"CISD2"
1.13516802540935e-05,-0.365644721560495,0.32,0.419,0.261236217687455,"PLP2"
1.24791924418271e-05,-0.342073930563802,0.235,0.333,0.287183655663768,"UBE2H"
1.32096614657741e-05,0.949301113124627,0.269,0.193,0.303993939311859,"CDKN1A"
1.66752704781034e-05,-0.316239457585416,0.211,0.302,0.383747999512594,"CREB3L2"
1.79254854238291e-05,-0.298864523888737,0.507,0.624,0.41251919605858,"AES"
1.87508133759906e-05,-0.345408552177922,0.244,0.338,0.431512468221671,"WSB1"
2.07458598177972e-05,-0.419314113774735,0.203,0.287,0.477424471986966,"C16orf58"
2.21772393461651e-05,-0.46045163919617,0.193,0.279,0.510364809073298,"CD48"
2.83848387633128e-05,0.547419229834845,0.53,0.464,0.653220294460117,"RP5-1052M9.1"
2.8406055501382e-05,-0.292268068436255,0.282,0.38,0.653708555253304,"ATP6V1G1"
2.98492951120526e-05,0.814921571987104,0.278,0.204,0.686921828413667,"AIM2"
3.06318799284108e-05,-0.250091801072083,0.599,0.692,0.704931452792517,"CSDE1"
3.12942273091255e-05,-0.250799776907175,0.67,0.762,0.720174053064906,"RPL36AL"
3.18469556425064e-05,-0.35689796192851,0.399,0.5,0.732893990200999,"TMED2"
3.31663535169468e-05,-0.281614752473227,0.536,0.643,0.763257293485498,"CIRBP"
3.41847037151967e-05,0.891854972686215,0.287,0.215,0.786692586597821,"GADD45A"
0.000113915065215741,0.961158293500288,0.257,0.192,1,"ARL6IP5"
0.00368825954951946,0.877215695637195,0.354,0.318,1,"ITGA6"
0.00125541945543246,0.787894155795567,0.34,0.284,1,"KIAA0040"
0.00142459690350572,0.713945093825669,0.387,0.342,1,"ENO1"
0.00509063475353444,0.711857950153203,0.253,0.21,1,"GM2A"
0.0118542148625557,0.705923649731564,0.306,0.264,1,"IFI27"
0.000177898341045906,0.696272506216005,0.319,0.248,1,"ATP5EP2"
4.55127040598664e-05,0.692691298901332,0.289,0.211,1,"DTX3L"
0.000453564186816552,0.68980081589565,0.251,0.19,1,"RPS23P8"
0.00337500820137739,0.686357947754182,0.339,0.294,1,"CLDND1"
0.00390319103208602,0.670075822450567,0.28,0.233,1,"CNDP2"
0.000648880715986463,0.662433956624515,0.358,0.299,1,"METTL7A"
0.000227524435357967,0.651605656747758,0.385,0.324,1,"KLF13"
0.00100641913345212,0.613120408617884,0.264,0.208,1,"SSBP3"
0.0890009284214202,0.607046283438285,0.276,0.254,1,"ATP5F1"
0.000687906356940779,0.606227455406443,0.361,0.296,1,"IGLV6-57"
0.000478399825108541,0.60083872274631,0.473,0.416,1,"NCOA3"
0.0197549162735957,0.594709705457505,0.317,0.28,1,"KIAA1551"
0.174762232694508,0.589306047571949,0.261,0.246,1,"EMC4"
0.00186191147295957,0.588173635527108,0.348,0.294,1,"NXPE3"
0.000135500747045612,0.58341858482606,0.425,0.357,1,"ERGIC3"
0.0118007913935039,0.572086630782646,0.307,0.268,1,"DNAJC15"
0.00065838828975139,0.571564650842338,0.503,0.458,1,"FBXW7"
0.00341174853428824,0.571116388978613,0.478,0.45,1,"TPST2"
0.133833362158756,0.560663226386251,0.27,0.253,1,"MDFIC"
9.08769342054716e-05,0.551656274735124,0.481,0.412,1,"RP11-16E12.2"
0.115984977930399,0.55100857674634,0.26,0.235,1,"RP11-408P14.1"
0.272663297481347,0.537924698841737,0.253,0.236,1,"FAM3C"
0.0840561712343961,0.537526623316952,0.295,0.273,1,"CAP1"
0.0137243883402694,0.517334211643808,0.319,0.28,1,"BAZ2A"
0.00136331517917277,-0.515052931310517,0.236,0.3,1,"SLC7A5"
0.448001073980862,0.513059873429318,0.378,0.392,1,"WAC"
0.000232160468037952,0.511024379350308,0.549,0.488,1,"RSAD2"
0.0873515835409553,0.509867010754757,0.273,0.247,1,"DENND5B"
0.00374324219973211,0.50965610102353,0.448,0.419,1,"ACTR3"
0.00024031125852097,-0.508634325660149,0.207,0.281,1,"PCMTD1"
0.00767254865034378,0.50839184666575,0.35,0.307,1,"NDUFB1"
0.000975585467864933,0.508251749543263,0.403,0.354,1,"FCHSD2"
0.000351486091612768,-0.507014243241117,0.217,0.29,1,"CNN2"
0.0500858686182992,0.503503705227614,0.324,0.297,1,"CD53"
0.0414105735189047,0.497474127634403,0.277,0.241,1,"IFNAR2"
0.0016027278481594,0.495762332739532,0.573,0.541,1,"PTK2B"
0.0255560546800167,0.492999875551592,0.41,0.381,1,"LPXN"
0.0114483199137353,0.492063044496409,0.463,0.428,1,"TNFSF10"
0.229499906235048,0.483108639121769,0.271,0.259,1,"HPCAL1"
0.128740510950628,0.482709973468055,0.402,0.41,1,"HLA-DPA1"
0.142928672717807,0.477704602357981,0.278,0.259,1,"UBE2K"
0.0600081583648067,0.473623634292931,0.4,0.38,1,"CLINT1"
0.000327518300968589,-0.471107671194371,0.355,0.439,1,"DUSP5"
0.0067640606098228,0.468269129196895,0.261,0.209,1,"ITGAL"
0.00652557422405574,0.46412557117852,0.332,0.281,1,"PCED1B-AS1"
0.0543763843344413,0.464037619535043,0.293,0.26,1,"PRKCD"
0.273329644209049,0.461619050934911,0.29,0.28,1,"CPEB4"
0.103051525376032,0.461015266405377,0.296,0.273,1,"C1orf43"
0.00663846499631865,0.459605149153028,0.498,0.462,1,"SEPT6"
0.132179356604124,0.458984132194836,0.269,0.249,1,"IK"
0.00295386491246293,0.456823208685012,0.412,0.354,1,"CNP"
0.00360718613321609,0.456333635235129,0.266,0.213,1,"ITGB1"
0.0185030648492075,0.453100383426365,0.457,0.431,1,"SEL1L"
0.00929925928948821,0.451231204700915,0.551,0.534,1,"LAP3"
0.00635682493059884,0.450432405120419,0.434,0.4,1,"SERBP1"
0.11530497315447,0.449894284083731,0.321,0.303,1,"CHD2"
0.836307509487024,0.449661694880521,0.244,0.251,1,"CALM3"
0.0346341901123074,0.448993613191751,0.328,0.292,1,"BTG1"
0.616386581874311,0.446176190642043,0.234,0.254,1,"NKTR"
0.183009038101546,0.444935078139844,0.345,0.337,1,"FNDC3B"
0.112754563120835,0.444071759496216,0.299,0.279,1,"GRB2"
0.0380034546508264,0.442161802945781,0.328,0.292,1,"PGK1"
0.0797427687861042,0.437369800275557,0.348,0.329,1,"RP11-284N8.3"
0.0997973148790036,0.434695951593042,0.261,0.24,1,"MX2"
0.0744752714045719,0.434469072806578,0.365,0.337,1,"RALGPS2"
0.370944876519436,0.430946355872272,0.341,0.34,1,"RPL18AP3"
0.000251279163360452,0.42799030103276,0.635,0.612,1,"BST2"
7.58667780318108e-05,0.42076104074986,0.691,0.647,1,"OAS2"
0.0218742803578758,0.414207848410617,0.39,0.353,1,"PARP9"
0.000731573921310835,-0.413796841201372,0.233,0.303,1,"ASXL1"
0.0111351644260964,0.413504516532943,0.424,0.381,1,"GPR183"
0.126609146247051,0.410630331395142,0.303,0.276,1,"CHCHD10"
0.356640562227095,0.408303352917423,0.319,0.318,1,"GLIPR1"
0.776136421234876,0.40769706708434,0.434,0.459,1,"RPL7"
0.000165375870262212,0.405017719640218,0.681,0.65,1,"EIF4G2"
0.0342479669382453,0.404367543594031,0.301,0.265,1,"APOL2"
0.1673866573151,0.403567872850342,0.25,0.23,1,"FUBP1"
0.00677672234722929,0.40083692490014,0.684,0.665,1,"SNORD3A"
9.16224149481401e-05,-0.397222033637529,0.395,0.479,1,"CRELD2"
0.0251727752735179,0.395256639070251,0.457,0.44,1,"SFPQ"
0.612913758981518,0.394418979429101,0.258,0.256,1,"CLPTM1"
0.0116851010483441,0.39305360505207,0.42,0.38,1,"SAMD9"
0.0348030544696284,0.390802417848526,0.368,0.329,1,"MYCBP2"
0.069366652755192,0.390798329864868,0.26,0.23,1,"KARS"
0.424854300675138,0.387394090144581,0.291,0.284,1,"PSMA4"
0.149171764762474,0.387027960052699,0.419,0.415,1,"PRRC2C"
0.035784621737121,0.385095868844604,0.521,0.5,1,"HLA-F"
0.0375837616267127,0.383543776664943,0.336,0.301,1,"CASP10"
0.0853101787191614,0.383405308020915,0.446,0.425,1,"PDK1"
0.496065451630579,0.381803772997359,0.307,0.31,1,"NDUFB3"
0.198987525045334,0.380564884471559,0.388,0.38,1,"CCDC88A"
0.583284341860101,0.380185462969337,0.436,0.452,1,"IFIT3"
0.37344433713378,0.377387122611509,0.33,0.327,1,"CYCS"
0.00284190887012224,0.376681560345479,0.648,0.625,1,"JUND"
0.399594016907981,0.375391620245399,0.284,0.285,1,"BUB3"
0.000495518891927403,0.3751918694103,0.633,0.592,1,"PTP4A2"
0.0726943751564063,0.374257937516723,0.273,0.246,1,"RP11-425L10.1"
0.336027006039799,0.372853395438135,0.279,0.267,1,"NME1"
0.945409464870441,0.372183731588788,0.343,0.376,1,"CLTC"
0.472451191555455,0.372075688632968,0.369,0.376,1,"FGFR1OP2"
0.00243046008879907,0.371449670764358,0.589,0.555,1,"APOL6"
0.0670473558463147,0.371441887030327,0.563,0.565,1,"PSMB1"
0.00112523951805352,-0.37104333412583,0.221,0.286,1,"TXLNG2P"
0.0935268743172865,0.36688309235552,0.499,0.484,1,"MAN1A1"
0.121607616189758,0.366661927309036,0.26,0.236,1,"ARHGAP30"
0.273896881484344,0.366508575034887,0.395,0.392,1,"GTF3A"
0.0163127665256548,0.366076997280705,0.37,0.333,1,"HSH2D"
0.677616302958861,0.364470842295869,0.266,0.286,1,"C14orf2"
0.582487085903287,0.364298455566435,0.283,0.284,1,"ZFP36L2"
0.000146699201662195,-0.362946160167514,0.175,0.253,1,"CALCOCO1"
0.672237686357396,0.362334488549246,0.302,0.312,1,"MOB1A"
0.262093976874836,0.362152130595948,0.308,0.301,1,"RSL1D1"
0.855293041783083,0.362135479308518,0.301,0.316,1,"KHSRP"
0.299271901190196,0.362101753651546,0.505,0.527,1,"RHOA"
0.017705875200989,0.362066475836722,0.335,0.285,1,"PNRC1"
0.0618499846233576,0.361624879570746,0.397,0.375,1,"RPL6P27"
0.275711940447158,0.361365756217654,0.355,0.353,1,"SRSF3"
0.00642855779516644,0.360547154274972,0.586,0.565,1,"SP110"
0.00996417889555764,0.360505524367003,0.529,0.499,1,"EIF2S2"
0.0092727209108412,0.360466071010418,0.273,0.225,1,"C10orf54"
0.226758304550588,0.360189264880512,0.361,0.354,1,"RPL3P4"
0.023937078277065,0.3600719738986,0.497,0.467,1,"TAP2"
0.104720189613943,0.359456282393764,0.409,0.387,1,"SRSF2"
0.279257266799992,0.35843077433177,0.331,0.326,1,"PNPLA2"
0.136440745492881,0.357753588484211,0.374,0.362,1,"UBE2L3"
0.333154148114364,0.355872761407891,0.338,0.333,1,"IRF2BP2"
0.0158644768342059,0.355663227309056,0.493,0.472,1,"UQCRH"
0.0210001437245936,0.351394169500685,0.516,0.493,1,"HNRNPD"
0.0907143465346492,0.350973384688711,0.387,0.362,1,"SAP18"
0.0874164153964713,0.35070565726441,0.401,0.378,1,"PTPN1"
0.122775345601925,0.350055863808178,0.285,0.26,1,"MKNK2"
0.00076847274176258,0.348521240797967,0.755,0.722,1,"TXNIP"
8.9260282800542e-05,-0.345587195850464,0.191,0.271,1,"ARL1"
0.0797062776267375,0.345063415029221,0.45,0.428,1,"CD44"
0.0692314200755718,0.344302925167325,0.314,0.285,1,"TPR"
0.156516518838749,0.344298327227836,0.328,0.302,1,"ARID3A"
0.00571284682660848,0.342349387663553,0.564,0.529,1,"PARP14"
0.000103700796449269,-0.340857649935368,0.227,0.311,1,"LGALS1"
0.391383900174546,0.337640587679029,0.49,0.52,1,"SND1"
0.0141100571580005,-0.337475053000113,0.266,0.321,1,"RBM8A"
0.066382499714372,0.334858569000119,0.388,0.361,1,"MGAT1"
0.0842506931596796,0.33361380722144,0.372,0.344,1,"NDUFS6"
0.0125685727833236,-0.333573369915224,0.204,0.253,1,"MYL12A"
0.170661314765552,0.333443553603644,0.503,0.505,1,"SELT"
0.104765198328586,0.333336337393408,0.447,0.43,1,"PKM"
0.372401885025548,0.331530433211577,0.292,0.284,1,"CWC15"
0.0117434290058133,-0.330848795482752,0.23,0.28,1,"TMEM208"
0.524118744823541,0.330732140061943,0.379,0.387,1,"LDHA"
0.330485986237018,0.330087598106636,0.301,0.289,1,"RYBP"
0.512219000534088,0.328539130481048,0.273,0.268,1,"SMAP2"
0.850072553691723,0.327473299942773,0.305,0.316,1,"PARK7"
0.000691047334346694,-0.326599843108255,0.205,0.275,1,"ANAPC16"
0.0013999737394673,0.32614916563681,0.61,0.558,1,"CFLAR"
0.00582584768289362,0.326113124105095,0.708,0.711,1,"RPS9"
0.000669861935987023,-0.325725996482226,0.297,0.376,1,"MLEC"
0.857353458880957,0.322495011668466,0.312,0.334,1,"TLN1"
0.0184230590219842,0.320949315496766,0.488,0.448,1,"HMGB1"
0.121940406101435,0.320461256078413,0.433,0.412,1,"ZNF706"
0.932385114964384,0.320048950549707,0.261,0.274,1,"N4BP2L2"
0.00060375407206547,-0.31975305149489,0.231,0.31,1,"GPBP1"
0.00144621659957037,-0.31909972144161,0.292,0.36,1,"TMBIM4"
0.760743982718222,0.31781503039579,0.247,0.263,1,"RNA5-8SP6"
0.00818189809464057,0.317538926660858,0.676,0.668,1,"PPIA"
0.156286754955178,0.316337602902854,0.345,0.322,1,"PPP1CC"
0.705651276022718,0.314133791314389,0.347,0.36,1,"AC007969.5"
0.000119063474206843,-0.313134213718476,0.213,0.292,1,"PNN"
0.148477325417828,0.31304444193176,0.383,0.364,1,"NOP10"
0.000709648516139032,-0.31150397521088,0.438,0.515,1,"CDV3"
0.111631976415385,0.310520166475684,0.259,0.233,1,"MRP63"
0.0306998618516573,0.310480110448143,0.567,0.545,1,"EIF2AK2"
0.00144588386879072,-0.310449728632831,0.208,0.27,1,"MAN2A1"
0.0400413362348411,-0.310391961172657,0.327,0.38,1,"PARP1"
0.00184796578212283,-0.309794142903628,0.29,0.36,1,"RAB11B"
0.0345231261355719,0.306871680254403,0.394,0.36,1,"PLCG2"
0.406132402495259,0.306695537987396,0.367,0.362,1,"SSU72"
0.0108867593213667,-0.306144065896076,0.37,0.431,1,"C17orf76-AS1"
0.000829481322388382,0.305748138397604,0.745,0.721,1,"RPL26"
0.538816478254719,0.305204561541465,0.272,0.269,1,"SNX5"
0.0445682313625627,0.304558208914144,0.622,0.619,1,"SP100"
0.190031623340473,0.303400810327371,0.402,0.392,1,"ITM2B"
0.633649171531517,0.30320980414771,0.297,0.299,1,"CSNK2B"
0.11970645848833,0.30272018951813,0.449,0.439,1,"ACTR2"
0.06381496271557,-0.301896362743187,0.41,0.443,1,"ZBTB38"
0.470350175072537,0.301680519972078,0.254,0.249,1,"PCGF5"
0.011880607092414,0.299149623944657,0.642,0.634,1,"TAPBP"
0.482344760609703,0.299109736885595,0.272,0.264,1,"METAP2"
0.0835019502162082,0.297153242226916,0.34,0.31,1,"GRN"
0.2435569282245,0.295834590287088,0.368,0.349,1,"NOP58"
0.00424256310556336,0.295750555922107,0.811,0.814,1,"CFL1"
0.0405082830710797,0.294307291786745,0.555,0.541,1,"hsa-mir-6723"
0.319516617425828,0.294018784698755,0.311,0.301,1,"SUPT5H"
0.920302807641885,0.293886962333214,0.615,0.649,1,"HSP90AA1"
0.00278350923333485,-0.29319238150677,0.31,0.375,1,"SMDT1"
0.460947434546662,0.292921116990936,0.396,0.402,1,"HDGF"
0.200910863700252,0.292698786668999,0.583,0.591,1,"RRBP1"
0.401566290254793,0.291669404735501,0.44,0.443,1,"AKAP9"
0.88263329879293,0.291618431931322,0.33,0.342,1,"GDI2"
0.000147765457290467,-0.291404155965448,0.576,0.671,1,"SRRM2"
0.140506518053856,0.289907515229656,0.473,0.463,1,"PRDX5"
0.0385954392617506,0.289864325727589,0.503,0.48,1,"NDUFB11"
7.75204960043263e-05,-0.289821629195473,0.452,0.544,1,"YPEL3"
0.000834096512137815,-0.288817112821853,0.239,0.314,1,"GLS"
0.245743926344031,0.288675163653382,0.483,0.482,1,"CTSS"
0.306428549532297,0.287889534695422,0.261,0.247,1,"IQGAP1"
0.0232619762731557,0.28445781717967,0.351,0.313,1,"DNAJA1"
0.0730442367247481,0.284008057428531,0.316,0.283,1,"KHDRBS1"
0.94779976406113,0.283299906776247,0.388,0.407,1,"GLRX"
0.201334476274675,0.282647511914045,0.378,0.362,1,"TRAM2"
0.890149906209515,0.2825911401586,0.366,0.392,1,"SQSTM1"
0.353986040599668,0.281929845087464,0.329,0.314,1,"PTPRC"
0.943604320786278,0.27995533697319,0.247,0.256,1,"DDX46"
6.18348161820077e-05,-0.279233032739189,0.552,0.649,1,"JTB"
0.849777364440778,0.278737147737656,0.357,0.37,1,"DAZAP2"
0.298044156369942,0.278228961682147,0.438,0.435,1,"XRCC5"
0.319336342060823,0.278190816621429,0.509,0.506,1,"NT5C3A"
0.660856509141562,0.27715532742903,0.292,0.291,1,"PAIP2"
0.119768286961186,0.276885333179721,0.526,0.509,1,"TMA7"
0.387443857375286,0.275260767821423,0.516,0.525,1,"ATP5J"
0.105853298460144,0.274776865853827,0.365,0.348,1,"RP11-332E4.1"
0.554284423508282,0.273552390407843,0.29,0.291,1,"RASSF5"
0.0155710274540087,0.27315217116499,0.746,0.741,1,"SEL1L3"
0.787965463832301,0.273011123682894,0.264,0.263,1,"KMT2A"
0.0974175373163291,-0.272972748783342,0.254,0.294,1,"BCAP31"
0.251751169920803,0.272921699067678,0.32,0.303,1,"ACO2"
0.035291387201544,0.272277598834951,0.341,0.3,1,"PRPF40A"
0.56418469655411,0.271512599968385,0.24,0.262,1,"MYL12B"
0.000640365021266375,-0.27140608099149,0.293,0.373,1,"SEP15"
0.000555820675992719,-0.271288385323648,0.267,0.346,1,"ANXA2"
0.0524892260551512,0.270782417890697,0.666,0.678,1,"HNRNPA2B1"
0.14922968499122,0.270528452071776,0.567,0.56,1,"HNRNPK"
0.637026315691956,0.270456320775805,0.34,0.369,1,"ATP5B"
0.940638209252035,0.270103003033323,0.243,0.256,1,"LAX1"
0.838227083977554,0.269508880143647,0.235,0.252,1,"TMEM70"
0.889410038271611,0.269459194728562,0.284,0.302,1,"HMGN3"
0.590754846804168,0.268892115459291,0.338,0.343,1,"GSTK1"
0.228212277750882,0.26874855957464,0.258,0.237,1,"THRAP3"
0.952767328917524,0.268742198680787,0.263,0.273,1,"MRPS31"
0.854751308189882,0.267707528060988,0.242,0.253,1,"OTUD5"
0.000628676750236291,0.266474664822419,0.852,0.838,1,"RPS5"
0.417840380823103,0.266353334498225,0.319,0.307,1,"PRKAR1A"
0.000239790711627109,0.265790235389908,0.948,0.948,1,"FTL"
0.000124130209947267,-0.265699358632574,0.312,0.405,1,"RTN3"
0.0101736336388335,0.26554600948058,0.765,0.776,1,"EEF1A1"
0.757146071588048,0.265250749541037,0.389,0.404,1,"NPC2"
0.977907623097248,0.265164177085884,0.251,0.257,1,"SMARCA5"
0.837327208771818,0.262757324682364,0.318,0.328,1,"RPS14P3"
0.325681048187747,0.261638871144991,0.32,0.306,1,"PSMD4"
0.0721979252610115,0.261541533794302,0.654,0.665,1,"MYL6"
0.0170230957347977,-0.261459179033487,0.222,0.275,1,"SLC35B1"
0.419284734213471,0.260841431184852,0.257,0.248,1,"SNRPC"
0.114747070841344,0.260633535720834,0.675,0.673,1,"CTD-2031P19.4"
0.165589013393115,0.259663772682131,0.514,0.516,1,"UBE2L6"
0.752165778802522,0.259212095433237,0.388,0.403,1,"ERP44"
0.333264515084255,0.258682514890277,0.596,0.609,1,"SON"
0.0380868181646997,0.257862604929166,0.592,0.568,1,"SEC14L1"
0.768787835628655,0.257731308295434,0.257,0.259,1,"TNFAIP8"
0.401327972976448,0.257176421862729,0.336,0.375,1,"TAX1BP1"
0.516094560898471,0.257171819358837,0.273,0.269,1,"DDX21"
0.00147834419798376,-0.256993746870481,0.352,0.436,1,"CXXC5"
0.01556541725382,0.256774116036834,0.262,0.211,1,"TLE3"
0.576173312528047,0.256621973242114,0.452,0.464,1,"STK4"
0.00146789037967912,-0.256175771138629,0.421,0.496,1,"COX6B1"
0.130049833698046,0.255840902993713,0.453,0.439,1,"NSA2"
0.0116104706719176,-0.255634154357869,0.22,0.273,1,"ELF1"
0.599039610813093,0.255432468475717,0.319,0.326,1,"CBX3"
0.729619672095873,0.255128901032871,0.325,0.33,1,"MPHOSPH8"
0.929462618574982,0.254928031334151,0.273,0.28,1,"ANP32A"
0.334261726641701,0.25466349174832,0.56,0.577,1,"POU2F2"
0.788843951963581,0.254148970958521,0.261,0.263,1,"OCIAD1"
0.542054433437717,0.252995986019634,0.294,0.294,1,"PRKCSH"
0.30380453660007,0.252424937374587,0.38,0.367,1,"ORAI2"
0.103823752513362,0.252357648874239,0.373,0.345,1,"RP11-159C21.4"
0.485839610027015,0.251819550256218,0.272,0.3,1,"APOL1"
0.00485867258736544,-0.250829642335216,0.21,0.268,1,"TBCA"
0.681073452731541,0.250516362227141,0.328,0.351,1,"ENTPD1"
0.882208181891943,0.250510657897596,0.311,0.328,1,"MRPL52"
