"p_val","avg_log2FC","pct.1","pct.2","p_val_adj","cluster","gene"
0,5.20432269473699,0.523,0.011,0,"0","ZBED2"
0,4.96801741595062,0.299,0.005,0,"0","RP11-701P16.5"
0,4.86519738945818,0.509,0.016,0,"0","TPRG1"
0,4.83265250767981,0.561,0.011,0,"0","TNFRSF8"
0,4.30547365268112,0.443,0.01,0,"0","FUT7"
0,4.14196992736744,0.334,0.01,0,"0","HMSD"
0,3.56358076170069,0.4,0.02,0,"0","AK4"
0,3.55376701758029,0.308,0.011,0,"0","MYB"
0,3.44055321218463,0.801,0.066,0,"0","SLC43A3"
0,3.38425817918728,0.381,0.011,0,"0","CDCA7"
0,3.37055301438795,0.703,0.037,0,"0","ACOT7"
0,3.30717889748107,0.376,0.016,0,"0","ARNTL2"
0,3.2013064751195,0.538,0.027,0,"0","CMTM3"
0,3.19317469385071,0.315,0.014,0,"0","TNF"
0,3.16462085672603,0.557,0.032,0,"0","DUSP4"
0,3.15525877209513,0.854,0.099,0,"0","FABP5"
0,3.15402789964415,0.362,0.019,0,"0","DSCC1"
0,3.15028851623974,0.617,0.041,0,"0","EBI3"
0,3.13342037573616,0.399,0.023,0,"0","UHRF1"
0,3.02972182099798,0.389,0.013,0,"0","SYT11"
0,2.99643619074429,0.923,0.152,0,"0","TYMS"
0,2.99050523894374,0.55,0.03,0,"0","BCAT1"
0,2.9113310829527,0.764,0.071,0,"0","TMEM97"
9.10346445602324e-298,2.8894824916808,0.273,0.011,2.09498027526463e-293,"0","AC017002.1"
0,2.86490717531207,0.772,0.07,0,"0","GINS2"
0,2.84332146987593,0.926,0.17,0,"0","PCNA"
4.94408016032475e-272,2.8288843319047,0.267,0.015,1.13778116729553e-267,"0","RAD54L"
0,2.8281052547155,0.998,0.575,0,"0","ACTG1"
0,2.7991484333714,0.418,0.022,0,"0","SORD"
0,2.77551419658033,0.373,0.025,0,"0","PDGFRA"
2.13878826825355e-72,2.5396725090804,0.255,0.111,4.9219934417319e-68,"1","LILRB4"
2.45640575937578e-39,1.62502171871765,0.396,0.303,5.65292657405148e-35,"1","GGH"
1.1978291909385e-92,1.61289476896672,0.835,0.76,2.75656431710676e-88,"1","SNORD3A"
1.13878123605784e-83,1.49090853330406,0.553,0.404,2.6206772585399e-79,"1","NT5DC2"
1.07344238915869e-14,1.43792562112677,0.279,0.228,2.47031297017089e-10,"1","MT-TN"
1.32839611079114e-110,1.42710932881995,0.929,0.8,3.05703796976365e-106,"1","hsa-mir-6723"
1.04287294840315e-70,1.41063939883794,0.323,0.158,2.39996351616016e-66,"1","IGF1"
2.06232203738909e-137,1.40166489208504,0.54,0.279,4.7460217046435e-133,"1","TP53INP1"
6.48050598186778e-113,1.38173946580663,0.352,0.135,1.49135884160723e-108,"1","NUGGC"
8.35212135997867e-06,1.37795696981177,0.264,0.251,0.192207368857189,"1","APOBEC3B"
1.3294862073555e-56,1.37622912118886,0.442,0.296,3.0595466089872e-52,"1","AL928768.3"
6.4632852850425e-17,1.34061550793802,0.312,0.255,1.48739584264683e-12,"1","PHGDH"
3.09931578510968e-17,1.32640654392631,0.338,0.289,7.13245541627291e-13,"1","SLC17A9"
0,1.31114430053627,0.999,0.999,0,"1","MT-CO1"
4.38815641177398e-52,1.30536732067257,0.513,0.39,1.00984643504155e-47,"1","MKI67"
5.70918596149448e-19,1.29205384109254,0.316,0.255,1.31385496531873e-14,"1","ITM2A"
4.88893930418101e-20,1.27398722651179,0.363,0.313,1.12509160207118e-15,"1","MTATP6P1"
3.61086285034655e-122,1.24943450123026,0.692,0.55,8.30967867750251e-118,"1","C19orf10"
9.7720010390937e-50,1.24777799645766,0.324,0.186,2.24883059912663e-45,"1","KDM5D"
1.32866174582685e-43,1.24382064612274,0.476,0.378,3.05764927567133e-39,"1","MT-TM"
3.16201707552425e-92,1.23093080573979,0.681,0.547,7.27674989590395e-88,"1","IGHA1"
1.2407483198905e-46,1.22676171060574,0.383,0.259,2.855334108564e-42,"1","CEP128"
2.2505394159049e-10,1.21699489673801,0.262,0.224,5.17916635782196e-06,"1","PIGT"
1.67007904907802e-116,1.20506822060781,0.736,0.569,3.84335291564324e-112,"1","MTRNR2L12"
0,1.20503275418318,1,0.998,0,"1","MT-CO3"
8.20523904757695e-155,1.20050120460813,0.545,0.244,1.88827166201888e-150,"1","FCRL5"
1.16601032443265e-40,1.18520890223448,0.497,0.413,2.68333955961685e-36,"1","RP5-857K21.11"
0,1.13900758223812,1,0.999,0,"1","MT-RNR2"
3.3644179946092e-24,1.13702552913336,0.43,0.379,7.74253513099416e-20,"1","PTPN18"
0,1.1271506543209,1,0.999,0,"1","MT-CYB"
0,4.12635781067421,0.945,0.288,0,"2","IGHG2"
0,3.90289518599636,0.939,0.426,0,"2","IGHG1"
0,3.62246672139973,0.84,0.409,0,"2","IGHGP"
0,3.45179251338947,0.981,0.407,0,"2","IGHG3"
2.08836624103586e-182,3.27552906237091,0.306,0.048,4.80595723049584e-178,"2","IFI27"
1.58131852897527e-266,3.27319600397604,0.436,0.071,3.63908833073079e-262,"2","IFIT3"
0,3.2438430720579,0.549,0.072,0,"2","RSAD2"
0,3.22284513629287,0.995,0.529,0,"2","IFI6"
0,3.16887377537175,0.747,0.163,0,"2","IGHG4"
0,3.11346595621113,0.915,0.219,0,"2","MX1"
0,3.10477759966052,0.918,0.17,0,"2","XAF1"
1.04239888906964e-141,3.01228502328844,0.354,0.091,2.39887256341596e-137,"2","ITGA6"
0,2.97440682472036,0.498,0.076,0,"2","IFIT1"
3.78751029588876e-88,2.90764473760161,0.261,0.075,8.7161974439288e-84,"2","MX2"
0,2.84953327541651,0.602,0.1,0,"2","IFI44L"
5.11570742158183e-221,2.76516291069125,0.467,0.107,1.17727774892863e-216,"2","IFITM1"
1.63438244780756e-222,2.68522043288352,0.691,0.317,3.76120432713954e-218,"2","OAS2"
2.25640573973996e-218,2.6413663951773,0.459,0.102,5.19266652886356e-214,"2","IFI44"
1.21115246635571e-295,2.62425807149093,0.869,0.533,2.7872251708244e-291,"2","ITM2C"
0,2.60704302575878,0.919,0.239,0,"2","ISG15"
1.57327868721826e-118,2.60433412602669,0.361,0.108,3.62058624289538e-114,"2","IGLV6-57"
6.99756694188877e-146,2.60215513534623,0.453,0.154,1.61035008033686e-141,"2","SLFN5"
4.10392816811714e-72,2.5838524603218,0.463,0.276,9.44436989328799e-68,"2","TNFSF10"
3.28002210395818e-205,2.55555661278202,0.58,0.195,7.54831486783897e-201,"2","CD38"
1.39310393048185e-279,2.54866529056697,0.736,0.273,3.20595007521787e-275,"2","CECR1"
8.08741555033033e-86,2.50115339841338,0.427,0.208,1.86115694059752e-81,"2","HERC5"
1.27815068753796e-234,2.49805842143032,0.788,0.471,2.9414081772311e-230,"2","STAT1"
9.63569889338778e-135,2.49575672579083,0.413,0.132,2.21746338633533e-130,"2","EPSTI1"
2.13632334406748e-95,2.42699270003474,0.446,0.205,4.9163209117025e-91,"2","PDK1"
1.14036351084011e-125,2.41018067972526,0.481,0.196,2.62431854749635e-121,"2","OAS1"
1.52520641175039e-180,5.43838003445615,0.326,0.059,3.50995751536118e-176,"3","REL"
5.98163775009794e-191,5.21202847628432,0.269,0.033,1.37655429543004e-186,"3","CTA-250D10.23"
0,4.93548058052113,0.636,0.141,0,"3","TSC22D3"
2.33592825924738e-128,4.85986841669913,0.283,0.062,5.375671703006e-124,"3","CD83"
8.03702883588551e-115,4.48848647576284,0.386,0.14,1.84956144600233e-110,"3","CD69"
1.13769983027034e-152,4.35407802775774,0.355,0.087,2.61818861940114e-148,"3","DUSP1"
2.10545434580807e-101,4.26986857488216,0.309,0.095,4.84528208600812e-97,"3","RGS2"
3.45292219114241e-29,3.9234421678331,0.256,0.15,7.94620983847604e-25,"3","SNX9"
7.01017886130185e-100,3.64014652688409,0.461,0.227,1.61325246135139e-95,"3","FOXP1"
2.26093659549517e-250,3.50195765760957,0.786,0.472,5.20309338721302e-246,"3","KLF6"
7.4860679452735e-71,3.3287394880689,0.309,0.122,1.72276881624579e-66,"3","SPOCK2"
1.67470004075594e-287,3.2781234526772,0.684,0.214,3.85398720379165e-283,"3","MS4A1"
7.99019252386273e-19,3.24583221905965,0.279,0.205,1.83878300551653e-14,"3","CHPT1"
1.73485560995037e-241,3.18563061255369,0.814,0.577,3.99242321517878e-237,"3","EZR"
2.11658193436288e-84,3.18433842853497,0.479,0.275,4.8708900055493e-80,"3","KLF2"
7.03828244402072e-39,3.17738867533579,0.358,0.238,1.61971993884249e-34,"3","HLA-DMB"
2.85365200356552e-252,3.15283894681617,0.807,0.524,6.56710935580534e-248,"3","CD37"
2.19523440434639e-95,3.10156426433822,0.536,0.326,5.05189293472235e-91,"3","ZFP36L1"
7.7477170616619e-125,3.05455674354098,0.436,0.16,1.78298212740025e-120,"3","LTB"
1.42259401002998e-296,2.98124716824972,0.897,0.75,3.27381559528198e-292,"3","JUND"
6.0840666501925e-20,2.96819326016802,0.268,0.185,1.4001262582088e-15,"3","WHAMM"
3.82632639383731e-70,2.93154898873109,0.519,0.37,8.8055249301378e-66,"3","PPP1R15A"
2.35906961438426e-33,2.89056157566098,0.325,0.207,5.4289269035825e-29,"3","NBPF10"
2.76905222663616e-113,2.85448102543793,0.637,0.461,6.3724198891578e-109,"3","BTG1"
1.27177875342715e-20,2.83660007473685,0.326,0.255,2.92674444526191e-16,"3","RBM38"
4.33496411423283e-215,2.77050012264999,0.79,0.553,9.97605291608402e-211,"3","HLA-DPB1"
5.22308499672958e-19,2.69637227208192,0.277,0.196,1.20198855029738e-14,"3","MAP3K1"
0.00146237034775167,2.60981706181522,0.245,0.251,1,"3","HLA-DRB5"
9.77066937555353e-65,2.55042665081113,0.544,0.414,2.24852414339613e-60,"3","NFKBIA"
1.25290650065603e-81,2.54373101209521,0.626,0.523,2.88331372995972e-77,"3","JUNB"
2.93998152181193e-45,3.41937176878937,0.31,0.135,6.76577947614578e-41,"4","IGHA2"
4.55572876550186e-60,3.01190210222186,0.824,0.773,1.04840986080494e-55,"4","IGHM"
4.77682168717936e-101,2.99452251661895,0.758,0.565,1.09928997487059e-96,"4","IGHA1"
9.85553559949609e-42,2.84077880891559,0.252,0.105,2.26805440751204e-37,"4","IGHJ4"
0,2.74955560414624,0.998,0.84,0,"4","IGJ"
0,2.71640220069063,0.955,0.261,0,"4","ISG15"
1.36838110275332e-212,2.57651565188578,0.511,0.11,3.14905543176622e-208,"4","IFI44"
1.20787252773982e-243,2.50476607342873,0.51,0.091,2.77967704808765e-239,"4","IFIT1"
0,2.46537921093722,0.652,0.114,0,"4","IFI44L"
8.30179982173469e-167,2.40621208469401,0.475,0.12,1.9104931929758e-162,"4","IFITM1"
8.56375148812516e-50,2.33413117180413,0.251,0.089,1.97077612996224e-45,"4","HELZ2"
1.29847890104411e-202,2.2254905427647,0.452,0.084,2.98818949497281e-198,"4","IFIT3"
6.20340131996255e-218,2.17235998097452,0.802,0.341,1.42758874576298e-213,"4","IRF7"
1.0487259951499e-95,2.15721006020664,0.413,0.143,2.41343313263846e-91,"4","EPSTI1"
0,2.1385927835913,0.988,0.548,0,"4","IFI6"
0,2.1289856405157,0.881,0.203,0,"4","XAF1"
1.54921746221657e-103,2.12214142941834,0.456,0.165,3.56521414579898e-99,"4","SLFN5"
0,2.09997936816281,0.897,0.248,0,"4","MX1"
4.47851941464347e-199,2.01209578898593,0.488,0.098,1.0306416728919e-194,"4","RSAD2"
3.14806352814439e-78,1.96860164153177,0.463,0.209,7.24463859731868e-74,"4","OAS1"
2.54823617766017e-09,1.95009635124468,0.463,0.416,5.86425591564936e-05,"4","IGLC3"
3.92805475199251e-252,1.94999663331001,0.957,0.755,9.03963240076035e-248,"4","SSR4"
2.68363256063917e-69,1.94664092252087,0.446,0.214,6.17584361179893e-65,"4","HERC5"
3.22645581360693e-41,1.93704416926819,0.439,0.267,7.42504276385362e-37,"4","DUSP5"
2.2200483257954e-76,1.92111010026658,0.52,0.271,5.10899721215296e-72,"4","STAT2"
6.30242405856761e-169,1.913054242763,0.796,0.439,1.45037684859816e-164,"4","SAMD9L"
1.03271291022434e-74,1.91123592376669,0.499,0.254,2.37658222029928e-70,"4","IFI35"
1.36884164867877e-18,1.88117621840615,0.281,0.181,3.15011528610446e-14,"4","PCMTD1"
8.4979772299406e-89,1.87911868459477,0.584,0.317,1.95563949992623e-84,"4","DNAJB9"
2.80428002881403e-33,1.83866460290598,0.437,0.298,6.45348963030973e-29,"4","MIAT"
0,6.10508403609708,0.486,0.016,0,"5","ADTRP"
4.49470254425416e-121,4.32761596484412,0.329,0.041,1.03436589650921e-116,"5","SKAP1"
2.64481133681988e-119,3.72781719062016,0.32,0.039,6.08650432942359e-115,"5","IGFBP4"
5.82797855238906e-70,3.65471078786117,0.283,0.052,1.34119270426129e-65,"5","CNTNAP1"
3.97476374580092e-73,3.5466783095668,0.311,0.06,9.14712380821166e-69,"5","GBP4"
9.0391299534599e-76,3.44257650594206,0.366,0.08,2.08017497618973e-71,"5","ALOX5AP"
1.53631771966657e-102,3.22184057152767,0.729,0.318,3.53552796826867e-98,"5","IL2RA"
3.38636680032363e-146,3.14924830397106,0.28,0.022,7.79304591758476e-142,"5","FCER2"
7.29848876148377e-77,3.14409933187545,0.274,0.044,1.67960121868026e-72,"5","CD84"
2.77280699534303e-68,3.13267277017683,0.431,0.121,6.38106073838292e-64,"5","MYL9"
1.32512975697546e-93,3.1201931421943,0.609,0.207,3.04952110972763e-89,"5","SNX10"
7.95011190042543e-68,3.07270656809376,0.394,0.102,1.8295592516449e-63,"5","TOX2"
4.56841729878763e-165,3.05622487919586,0.634,0.119,1.05132987297e-160,"5","CCR7"
8.92571294597208e-62,2.97576349110681,0.286,0.058,2.05407432025656e-57,"5","TTN"
1.30449222344176e-94,2.96919723686186,0.505,0.128,3.00202795380652e-90,"5","MIR155HG"
2.95152526677899e-39,2.96338204670626,0.351,0.127,6.79234509643849e-35,"5","LY75"
2.0087370900167e-119,2.92690391507513,0.474,0.086,4.62270666525543e-115,"5","LTA"
1.05748370453971e-45,2.92639084059248,0.351,0.11,2.43358724925724e-41,"5","BATF3"
1.28816349339547e-87,2.90304576257203,0.465,0.114,2.96445064735099e-83,"5","CXCR5"
5.34539250753235e-72,2.89710370777893,0.32,0.064,1.23013517775842e-67,"5","IL4R"
2.01066066350526e-64,2.89095303482925,0.437,0.129,4.62713338492466e-60,"5","TRAF1"
6.16119077899666e-59,2.86387097171956,0.372,0.101,1.4178748339705e-54,"5","SPIB"
2.6026302661458e-41,2.85473235432922,0.357,0.124,5.98943303148134e-37,"5","TLR10"
5.1317495917266e-91,2.83241245845354,0.665,0.249,1.18096953354404e-86,"5","PAX5"
3.33239047766805e-53,2.83120543291373,0.458,0.172,7.66883020625748e-49,"5","PIK3AP1"
1.97822326463035e-81,2.82630595002437,0.723,0.365,4.55248519889383e-77,"5","STAT3"
5.85205330946139e-60,2.79915368646357,0.292,0.063,1.34673302810635e-55,"5","KIAA1147"
1.39723022820558e-35,2.77082977371724,0.262,0.076,3.2154459241695e-31,"5","GNPDA1"
2.04433601072707e-41,2.7657478241934,0.462,0.207,4.70463046148621e-37,"5","BATF"
3.35052713840377e-49,2.71245847779011,0.492,0.201,7.71056810360859e-45,"5","CTC-444N24.11"
