"p_val","avg_log2FC","pct.1","pct.2","p_val_adj","gene","stage"
6.07380490117549e-188,5.34113763091202,0.26,0.032,1.39776472190752e-183,"CTA-250D10.23","MBC"
2.95997610537638e-176,-3.50726451307622,0.023,0.528,6.81179301130266e-172,"LINC00152","MBC"
6.3375738104502e-148,-1.4191295820696,0.201,0.742,1.4584658609989e-143,"NEAT1","MBC"
5.37559266504413e-146,-4.30902565382892,0.012,0.449,1.2370851400066e-141,"MIR4435-1HG","MBC"
1.17874153346032e-110,-4.33014575083109,0.012,0.37,2.71263789095224e-106,"AC104699.1","MBC"
1.82474563789786e-104,-4.84398361638048,0.005,0.344,4.19928713649435e-100,"RP11-16E12.2","MBC"
1.74362060654958e-95,-1.03070258691775,0.104,0.502,4.01259410185255e-91,"AC009501.4","MBC"
4.59371918408141e-93,-0.67017865383193,0.191,0.628,1.05715259583265e-88,"RP11-94L15.2","MBC"
4.18338747447296e-84,-2.230120263237,0.06,0.379,9.62722959500462e-80,"AL928768.3","MBC"
9.47518207709264e-84,-1.81125964635057,0.038,0.353,2.18052365140133e-79,"MIAT","MBC"
1.07532327065355e-80,-2.13724806747316,0.028,0.325,2.47464144275501e-76,"RP11-284N8.3","MBC"
7.7802216986336e-63,-1.51839653286379,0.03,0.279,1.79046241950655e-58,"TAPSAR1","MBC"
3.43850764023014e-56,-0.797498556949115,0.034,0.267,7.91303763246163e-52,"GS1-251I9.4","MBC"
8.72462186896926e-56,-1.74123541704253,0.021,0.241,2.0077972307059e-51,"CTC-444N24.11","MBC"
4.0560520299808e-54,-0.866565616198489,0.025,0.244,9.33419253659482e-50,"CTC-503J8.6","MBC"
7.55715708797774e-54,-1.35692163327617,0.015,0.224,1.73912856065632e-49,"CTC-228N24.3","MBC"
2.11048086728047e-53,-4.68162848871657,0.002,0.196,4.85684961987254e-49,"AC009948.5","MBC"
5.29355179261568e-51,-1.16853889412504,0.028,0.24,1.21820507403465e-46,"RP1-17K7.2","MBC"
5.45131645613732e-50,-2.15382863325743,0.008,0.197,1.25451145605088e-45,"LINC00116","MBC"
5.62774809880849e-43,-2.38769165250547,0.004,0.166,1.2951136699788e-38,"RAB30-AS1","MBC"
5.3153701103578e-42,-3.19411985328269,0.008,0.17,1.22322612349664e-37,"RP11-568N6.1","MBC"
1.13231170536496e-41,-1.01950000672958,0.018,0.19,2.60578892755639e-37,"RP11-139H15.1","MBC"
1.65404296055554e-39,-2.29767947823898,0.016,0.178,3.80644906512647e-35,"AC006129.2","MBC"
1.05361792947149e-38,-0.865382721926176,0.011,0.165,2.42469094109273e-34,"RP11-145M9.4","MBC"
2.24700538529923e-38,4.28753873470266,0.132,0.04,5.17103349318911e-34,"AC079767.4","MBC"
4.0012660771988e-36,-3.83373249578523,0.002,0.138,9.2081136234576e-32,"RP11-290F5.1","MBC"
2.38504397492563e-35,-1.22369897410415,0.013,0.159,5.48870169949636e-31,"NNT-AS1","MBC"
3.23314583316453e-33,-0.689716583024574,0.024,0.172,7.44043850586154e-29,"CTC-241F20.3","MBC"
4.36472694956025e-33,0.499586995990176,0.041,0.204,1.0044546129023e-28,"SNHG15","MBC"
1.19271007963052e-31,-1.40900997457885,0.013,0.144,2.74478370625372e-27,"RP6-109B7.3","MBC"
4.30284741973371e-31,1.43958022554146,0.569,0.516,9.90214276703318e-27,"ZFAS1","MBC"
2.03932293829898e-29,-6.88702465965143,0,0.111,4.69309387790745e-25,"RP11-701P16.5","MBC"
2.33324880333599e-29,-0.480984523866532,0.023,0.156,5.36950547111711e-25,"ZSCAN16-AS1","MBC"
7.07577174495356e-29,0.389179718910592,0.14,0.357,1.62834735166616e-24,"TUG1","MBC"
1.61531922960863e-28,-1.7848433880466,0.01,0.127,3.71733414309834e-24,"CTA-445C9.15","MBC"
2.47347259752414e-28,-3.72677300767458,0.003,0.113,5.6922024886823e-24,"RP11-295G20.2","MBC"
2.93651754310003e-28,-6.30718294906592,0,0.106,6.75780782193611e-24,"AC017002.1","MBC"
3.35415415103612e-28,-1.56348080471315,0.028,0.158,7.71891494777942e-24,"AC159540.1","MBC"
3.52712336837198e-28,-6.92714178404866,0,0.106,8.11696900763445e-24,"VTRNA2-1","MBC"
4.17494608829697e-27,0.883741860022425,0.102,0.287,9.60780343299781e-23,"FGD5-AS1","MBC"
5.58535917130406e-27,-0.91728179573906,0.024,0.148,1.2853587060922e-22,"LINC00969","MBC"
1.64930762516049e-26,-0.787469458919384,0.021,0.141,3.79555163778182e-22,"LINC00667","MBC"
3.99689455382159e-26,-1.85429288864297,0.003,0.105,9.19805343670962e-22,"RP11-545E17.3","MBC"
4.23596907887401e-26,-2.33776294152712,0.003,0.105,9.74823564121276e-22,"AP001046.5","MBC"
9.54764803505625e-26,-1.38754909338297,0.011,0.119,2.19720024230749e-21,"SNORD3D","MBC"
1.30245303050816e-25,-2.02724994705754,0.005,0.107,2.99733515910842e-21,"TMPO-AS1","MBC"
6.40843329744766e-25,-1.36503506156243,0.007,0.108,1.47477275474163e-20,"AC108488.3","MBC"
9.45173444550589e-25,-0.483073964037916,0.016,0.126,2.17512764794427e-20,"LINC00909","MBC"
9.58503337190081e-25,-1.08097089283169,0.01,0.113,2.20580372987553e-20,"PITPNA-AS1","MBC"
1.45275977934369e-24,-3.22480233885895,0.004,0.101,3.34323608020364e-20,"RP11-25K19.1","MBC"
2.10601161480627e-24,0.440421523711256,0.037,0.161,4.84656452915366e-20,"RP11-304L19.5","MBC"
4.21257614652142e-24,-2.28555953340132,0.006,0.103,9.69440148598975e-20,"TMEM161B-AS1","MBC"
2.32758307936607e-22,1.07083676650587,0.109,0.278,5.35646694054513e-18,"SNHG7","MBC"
2.26024674356236e-21,0.518525802917627,0.034,0.144,5.20150583096006e-17,"HCG18","MBC"
3.53094903777154e-19,0.529396632161081,0.042,0.15,8.12577302062365e-15,"NUTM2A-AS1","MBC"
2.11735801380751e-18,-0.320308549711574,0.05,0.157,4.87267599717523e-14,"AC074289.1","MBC"
2.56576824573716e-18,0.339205980314947,0.047,0.154,5.90460246391493e-14,"ILF3-AS1","MBC"
6.15193336071796e-17,0.327979957444714,0.038,0.134,1.41574442430202e-12,"THAP9-AS1","MBC"
3.9531418870019e-16,1.34443313987606,0.058,0.163,9.09736542455747e-12,"CASC7","MBC"
4.49118649571313e-16,1.19290429000972,0.055,0.157,1.03355674825846e-11,"MIR155HG","MBC"
6.68280831031452e-16,1.32281033164324,0.097,0.226,1.53791467645268e-11,"NCBP2-AS2","MBC"
1.9533116917336e-14,0.890422712413764,0.095,0.213,4.49515619618653e-10,"MIR142","MBC"
3.39436438306508e-13,1.09909091468991,0.215,0.406,7.81145075474768e-09,"RP11-220I1.1","MBC"
1.77306884768562e-12,0.440308058729077,0.033,0.104,4.08036333917891e-08,"LINC00936","MBC"
9.01467660877473e-12,0.984011201933764,0.037,0.108,2.07454752797733e-07,"RP11-215G15.5","MBC"
9.68345762341606e-11,1.11929480915979,0.121,0.234,2.22845410287674e-06,"SNHG9","MBC"
1.78015613456764e-09,2.5664567666122,0.186,0.136,4.09667331248051e-05,"LINC00926","MBC"
5.95361141904466e-08,1.17723029572676,0.124,0.219,0.00137010459586475,"RP11-349A22.5","MBC"
1.01250859990429e-05,1.23741933523574,0.054,0.101,0.233008604095975,"MKLN1-AS1","MBC"
0.0134902917863091,2.52567822885096,0.18,0.176,1,"EPB41L4A-AS1","MBC"
0.0488541437674333,1.61202447311566,0.269,0.382,1,"SCARNA9","MBC"
0.289444999557541,2.23671993698776,0.097,0.119,1,"TTTY15","MBC"
0.42495770735062,2.32695564002721,0.088,0.104,1,"TRIM52-AS1","MBC"
0.902300744303736,1.55754579993379,0.347,0.476,1,"SNHG8","MBC"
1.1510588351837e-155,-2.08867048880451,0.303,0.595,2.64893169740825e-151,"ZFAS1","PB"
2.27728471819831e-116,1.75360299027801,0.856,0.757,5.24071532198977e-112,"SNORD3A","PB"
7.56730555390787e-89,1.26031020879185,0.758,0.642,1.74146402712082e-84,"NEAT1","PB"
6.92137771049778e-87,-1.30062941080916,0.257,0.526,1.59281665251685e-82,"SNHG8","PB"
1.48533694998593e-83,0.520434761998152,0.992,0.984,3.41820592300262e-79,"MALAT1","PB"
9.30819749154261e-78,-4.58966312489477,0.015,0.186,2.1420954887287e-73,"MIR155HG","PB"
1.97061291832212e-75,-1.60914112241055,0.092,0.309,4.5349715089347e-71,"SNHG7","PB"
3.40481068796386e-71,1.49855792414944,0.469,0.294,7.83549083621123e-67,"AL928768.3","PB"
6.18437952311884e-61,-2.10094515086057,0.046,0.211,1.42321125965534e-56,"AC009948.5","PB"
4.31934193569106e-59,-0.7474526198468,0.128,0.335,9.94010159660584e-55,"SNHG12","PB"
7.1361930372096e-59,-5.14339694677121,0.003,0.127,1.64225210365305e-54,"RP11-701P16.5","PB"
8.36572078082811e-59,1.00070520031572,0.225,0.086,1.92520332329197e-54,"RP11-290F5.1","PB"
9.37649948761315e-57,-1.22913877909467,0.058,0.224,2.15781382708441e-52,"SNHG15","PB"
1.20824291861783e-56,0.777813356808302,0.431,0.256,2.7805294286152e-52,"RP11-16E12.2","PB"
1.00392932262438e-55,-4.7552358701562,0.003,0.122,2.31034255015548e-51,"AC017002.1","PB"
7.39287232999852e-54,-1.17576024399917,0.119,0.31,1.70132170930256e-49,"FGD5-AS1","PB"
3.02379289295164e-52,-0.876037980762379,0.219,0.434,6.9586545845496e-48,"RP11-220I1.1","PB"
1.04004834854721e-48,1.56711990778278,0.157,0.054,2.39346326451169e-44,"RP11-81H14.2","PB"
1.91665214071195e-43,-1.15895099093845,0.028,0.146,4.4107915714204e-39,"LINC00665","PB"
9.61081926491911e-43,1.25609889319949,0.229,0.112,2.21173783743583e-38,"AC159540.1","PB"
3.1556591815139e-40,1.11122260856351,0.12,0.038,7.26211847441794e-36,"RP5-887A10.1","PB"
9.30216644435154e-40,-0.699228768348176,0.069,0.206,2.14070756383862e-35,"LINC00116","PB"
2.8240178152332e-39,-1.48557031545236,0.074,0.21,6.49891219819616e-35,"EPB41L4A-AS1","PB"
6.84850616076319e-36,-1.13015180834189,0.061,0.182,1.57604672277643e-31,"CTC-241F20.3","PB"
2.43199057695894e-35,-1.22232363666862,0.025,0.123,5.59673991475561e-31,"RP11-215G15.5","PB"
2.31035056562655e-33,-1.27653873724219,0.024,0.118,5.31680975667639e-29,"AC108488.3","PB"
8.36404677294134e-32,-0.381555166545388,0.097,0.23,1.92481808385699e-27,"CTC-228N24.3","PB"
5.58949652574797e-31,-1.00020358954846,0.055,0.161,1.28631083547038e-26,"WAC-AS1","PB"
3.17050023256496e-30,-1.7469497913317,0.043,0.14,7.29627218520173e-26,"TTTY15","PB"
7.28047563736667e-29,-0.292254008660228,0.115,0.248,1.67545585842719e-24,"CTC-503J8.6","PB"
6.70464850105608e-28,-0.60180352664393,0.065,0.171,1.54294075954804e-23,"RP11-145M9.4","PB"
1.80481419348704e-27,-0.764652354566616,0.06,0.161,4.15341890347172e-23,"NUTM2A-AS1","PB"
2.55982928333912e-25,-1.05390874942476,0.032,0.112,5.89093512974831e-21,"VTRNA2-1","PB"
3.19058757685993e-25,-0.359034887261324,0.117,0.24,7.34249919062776e-21,"NCBP2-AS2","PB"
3.46752551616241e-25,-0.517193752488232,0.08,0.186,7.97981647034455e-21,"SETD5-AS1","PB"
7.67091207471219e-25,-0.741309584891923,0.118,0.236,1.76530699575352e-20,"RP11-349A22.5","PB"
1.22432817213371e-24,-0.362607098590821,0.07,0.17,2.81754642253132e-20,"RP11-304L19.5","PB"
7.42786936123636e-24,-0.610844067842313,0.058,0.149,1.70937557610132e-19,"RP6-109B7.3","PB"
9.61335761754512e-24,-0.461597297892306,0.123,0.242,2.21232198852566e-19,"CTC-444N24.11","PB"
3.66009482756011e-23,-0.663381749690082,0.116,0.23,8.42297622666408e-19,"LINC00493","PB"
8.86477855600601e-22,-0.335615785401719,0.114,0.225,2.04005148909366e-17,"MIR142","PB"
5.51422472736038e-21,-0.478199335907242,0.241,0.382,1.26898853650745e-16,"LINC00657","PB"
2.90433806301859e-19,-0.484864080410988,0.065,0.146,6.68375318442467e-15,"LINC00667","PB"
8.44845814829701e-19,-0.258587975609617,0.068,0.15,1.94424367366759e-14,"HCG18","PB"
4.63554055753549e-18,-0.446360569703632,0.466,0.605,1.06677694850564e-13,"RP11-94L15.2","PB"
7.55589281923053e-18,-0.472296768901053,0.082,0.167,1.73883761448952e-13,"JPX","PB"
8.30824812992514e-17,-0.500233279200174,0.158,0.262,1.91197714213967e-12,"GS1-251I9.4","PB"
2.26392013953647e-16,-0.259174678013397,0.041,0.104,5.20995941711528e-12,"RP11-25K19.1","PB"
1.09974843092717e-15,-0.28277773577964,0.039,0.1,2.53085106409269e-11,"RP11-620J15.3","PB"
1.00727667550186e-14,0.263817109922888,0.137,0.237,2.31804581333243e-10,"RP1-17K7.2","PB"
1.3138148299493e-14,-0.279752238923117,0.052,0.115,3.02348206816231e-10,"PITPNA-AS1","PB"
3.10310783103148e-14,0.303778690673504,0.051,0.114,7.14118205155275e-10,"RP11-295G20.2","PB"
6.15540597762069e-13,1.05156984157033,0.101,0.055,1.41654357762985e-08,"AC006129.4","PB"
1.39265625685156e-12,-0.257832869019567,0.061,0.121,3.20491984389249e-08,"TOPORS-AS1","PB"
5.39947935784446e-11,-0.310841778882304,0.098,0.166,1.24258218462075e-06,"CASC7","PB"
7.78183174856773e-11,0.399413677835177,0.053,0.106,1.79083294029789e-06,"TMPO-AS1","PB"
2.04317418134791e-10,-0.889669156576115,0.062,0.114,4.70195674353594e-06,"TRIM52-AS1","PB"
3.91929778441613e-10,-0.302234200943802,0.33,0.412,9.01947999127684e-06,"MIR4435-1HG","PB"
8.0846625512423e-08,-0.37024185969588,0.062,0.105,0.00186052339291739,"CTBP1-AS2","PB"
1.00690093678745e-07,-0.313853734657721,0.166,0.237,0.00231718112582897,"SNHG9","PB"
0.000211576629339358,0.545870879679261,0.079,0.113,1,"SNORD3D","PB"
0.000232932558697096,0.293099986272039,0.179,0.15,1,"AC006129.2","PB"
0.00119677013609469,0.348661230070995,0.073,0.102,1,"LINC00936","PB"
0.00128829025558155,-0.384682898083004,0.25,0.297,1,"RP11-284N8.3","PB"
0.004172775010741,1.13012206052628,0.144,0.128,1,"LINC00969","PB"
0.175768170478199,0.618780075038032,0.146,0.142,1,"LINC00926","PB"
0.187254649816592,0.716411376650918,0.155,0.182,1,"U3","PB"
0.443840063839803,1.02653742497083,0.097,0.109,1,"RP11-386I14.4","PB"
0.676801183415786,0.377551453506073,0.335,0.379,1,"SNORA76","PB"
2.01848850201125e-269,-2.32194632202501,0.17,0.644,4.64514758967848e-265,"ZFAS1","PC"
2.71634002361963e-172,1.26655435880286,0.99,0.985,6.25111329635586e-168,"MALAT1","PC"
1.78227455851863e-136,-0.998502265503797,0.133,0.48,4.10154844151892e-132,"MIR4435-1HG","PC"
4.90452437160278e-121,-1.21555496844423,0.067,0.358,1.12867819363695e-116,"SNHG12","PC"
1.40176930599792e-113,-0.819606404496861,0.13,0.451,3.22589170389302e-109,"SNORA76","PC"
3.54807996781604e-104,-0.993398842564666,0.141,0.445,8.16519642993505e-100,"SCARNA9","PC"
1.69379810721599e-97,1.93811992294401,0.446,0.249,3.89793758413616e-93,"RP11-16E12.2","PC"
8.12155908534487e-94,-4.40491764179957,0.005,0.192,1.86901439231041e-89,"MIR155HG","PC"
3.07710558070219e-92,-4.40480516645565,0.005,0.19,7.08134307286996e-88,"LINC00926","PC"
1.14991156751159e-86,-0.960185119093594,0.032,0.235,2.64629149031443e-82,"SNHG15","PC"
3.49038800786537e-80,-0.949231129047545,0.056,0.267,8.03242992250057e-76,"CTC-444N24.11","PC"
7.10445033731128e-74,-0.635989478468605,0.035,0.219,1.63494715612545e-69,"LINC00116","PC"
9.12470685537823e-74,-1.34015439813157,0.022,0.193,2.09986878862819e-69,"CASC7","PC"
2.62016672061711e-71,-0.478204388810142,0.091,0.312,6.02978967415616e-67,"SNHG7","PC"
2.50062748788875e-70,-1.07193158503612,0.063,0.26,5.75469403787838e-66,"NCBP2-AS2","PC"
1.140751720901e-69,-0.310332210261473,0.097,0.32,2.62521193530948e-65,"FGD5-AS1","PC"
1.30303036817956e-69,-0.566524585981557,0.066,0.267,2.99866378629162e-65,"CTC-503J8.6","PC"
3.65075421030241e-69,-0.610965596022655,0.04,0.219,8.40148066416894e-65,"LINC00341","PC"
1.01941813248611e-66,-0.523060010007355,0.025,0.186,2.34598694829028e-62,"RP11-145M9.4","PC"
3.31072029066012e-66,-0.361082616192817,0.067,0.262,7.61896060489612e-62,"RP1-17K7.2","PC"
1.55022453095839e-65,-0.502604434864532,0.25,0.532,3.56753171309453e-61,"SNHG8","PC"
6.90399336128037e-65,-0.918343830738693,0.046,0.22,1.58881599223145e-60,"U3","PC"
3.72264752572538e-64,-6.56525895060622,0,0.129,8.56692875095183e-60,"RP11-701P16.5","PC"
8.55706549506265e-64,-1.58727589265885,0.012,0.153,1.96923748237877e-59,"LINC00665","PC"
3.26291437610561e-62,-7.49622007898164,0,0.124,7.50894485373184e-58,"AC017002.1","PC"
1.77239193436932e-60,-3.290007849795,0.004,0.131,4.07880555856411e-56,"RP11-215G15.5","PC"
4.23108278311145e-55,-1.62814338241297,0.008,0.129,9.73699080877438e-51,"RP11-295G20.2","PC"
1.03466536382774e-54,-0.760750562145611,0.036,0.183,2.38107540177678e-50,"RP11-304L19.5","PC"
6.11863616830593e-52,-1.57953746726241,0.009,0.124,1.40808174141224e-47,"AC108488.3","PC"
1.58243144870427e-50,-1.90108618137842,0.017,0.137,3.64164949290314e-46,"RP11-386I14.4","PC"
9.33952566349635e-46,-2.67412013811913,0.004,0.102,2.14930504094042e-41,"RPPH1","PC"
4.28216200976826e-45,-1.54070560801016,0.014,0.121,9.8545394330797e-41,"TMPO-AS1","PC"
6.14560305611071e-45,-1.3883088218029,0.011,0.115,1.41428763130276e-40,"RP11-25K19.1","PC"
4.20731882722593e-43,-0.367507805015756,0.033,0.152,9.68230281709502e-39,"THAP9-AS1","PC"
1.16433239296617e-42,-1.13634196973723,0.015,0.119,2.67947813593304e-38,"VTRNA2-1","PC"
4.46882784991681e-42,-1.10986347916885,0.012,0.112,1.02841135310135e-37,"UBL7-AS1","PC"
1.07119033310701e-41,-0.596915733777843,0.07,0.213,2.46513031357916e-37,"EPB41L4A-AS1","PC"
1.91992897267653e-40,-0.772326682676826,0.025,0.132,4.41833254482051e-36,"SNORD3D","PC"
2.10947424848138e-39,1.9450346172887,0.197,0.094,4.85453308803019e-35,"RP11-290F5.1","PC"
1.85425369570197e-38,2.8195999332838,0.108,0.035,4.26719402991894e-34,"WT1-AS","PC"
1.37488524243111e-37,2.0599638652786,0.218,0.117,3.16402340840672e-33,"AC074289.1","PC"
1.47421146925095e-37,-0.682516005937096,0.019,0.116,3.39260285418721e-33,"AP001046.5","PC"
1.54604058109992e-36,-0.777864898278105,0.02,0.116,3.55790318928525e-32,"RP11-545E17.3","PC"
1.9678311381382e-36,-0.699597302675046,0.016,0.108,4.52856979819744e-32,"RP11-620J15.3","PC"
1.08969433468993e-35,2.05204748438543,0.347,0.264,2.50771357242194e-31,"RP11-284N8.3","PC"
4.17423561017527e-34,0.49748329928677,0.067,0.192,9.60616840969635e-30,"SETD5-AS1","PC"
1.00651537409693e-33,0.328321347520298,0.045,0.155,2.31629383040926e-29,"RP6-109B7.3","PC"
8.21412975298671e-32,-0.575513939897123,0.041,0.142,1.89031768005483e-27,"TTTY15","PC"
6.03904330023264e-30,0.343923086426901,0.063,0.174,1.38976503468254e-25,"JPX","PC"
8.2885542461258e-29,-0.500945663733644,0.024,0.106,1.90744498866093e-24,"SNORD3B-2","PC"
1.1590157609533e-28,0.255362723822898,0.116,0.255,2.66724297068184e-24,"SNHG9","PC"
1.31072952711594e-27,0.608567787267699,0.104,0.236,3.01638186075192e-23,"LINC00493","PC"
3.83444334523282e-25,0.584904956434411,0.071,0.176,8.82420447038428e-21,"RP11-568N6.1","PC"
2.44401660908943e-24,0.34172589042454,0.046,0.134,5.6244154224975e-20,"LINC00909","PC"
7.46420690071719e-23,-0.280841247804211,0.037,0.114,1.71773793406205e-18,"LINC00936","PC"
3.17026161019306e-21,0.657726925904142,0.079,0.178,7.29572304353729e-17,"CTC-241F20.3","PC"
1.49007276684917e-20,0.617602576234538,0.102,0.211,3.42910445834999e-16,"MMP24-AS1","PC"
1.87946904909965e-20,0.78341155425867,0.075,0.169,4.32522212269301e-16,"RAB30-AS1","PC"
1.90975733011899e-20,1.94426493410292,0.345,0.301,4.39492454380282e-16,"MIAT","PC"
2.08770508507631e-20,-0.295312902372812,0.041,0.114,4.8044357122861e-16,"MKLN1-AS1","PC"
4.07312740607632e-20,0.687727614185955,0.071,0.161,9.37348809960343e-16,"ZSCAN16-AS1","PC"
1.62892369887013e-18,-0.507267786039388,0.048,0.12,3.74864210820984e-14,"TRIM52-AS1","PC"
4.19715073125496e-18,0.541335418505944,0.294,0.503,9.65890297783705e-14,"AC009501.4","PC"
3.39518512228529e-17,0.443566230413499,0.053,0.125,7.81333952191513e-13,"TOPORS-AS1","PC"
3.3921528650767e-16,2.14527849090759,0.153,0.097,7.80636138840101e-12,"CTA-445C9.15","PC"
3.56862555594464e-16,0.668287205081733,0.217,0.367,8.2124779918954e-12,"TUG1","PC"
1.68733929435428e-12,0.690025940809062,0.136,0.231,3.88307391809749e-08,"RP11-349A22.5","PC"
6.21963393213565e-11,0.33143682217122,0.249,0.368,1.43132435680238e-06,"AL928768.3","PC"
8.06894856520772e-11,0.977735019968022,0.051,0.104,1.85690713331125e-06,"TMEM161B-AS1","PC"
3.74466589192749e-10,1.03134317897288,0.17,0.273,8.61759961709273e-06,"TAPSAR1","PC"
1.18536177908609e-09,0.60599097834734,0.611,0.691,2.72787306221083e-05,"NEAT1","PC"
3.52390962369786e-09,0.85503272288591,0.058,0.107,8.10957321701587e-05,"CTBP1-AS2","PC"
9.90391583428852e-09,0.715829664198508,0.249,0.381,0.000227918815094482,"LINC00657","PC"
1.54780917289837e-08,1.8678058432838,0.183,0.148,0.000356197324959101,"AC006129.2","PC"
5.13769825873115e-08,1.09546522971072,0.084,0.14,0.0011823385002818,"LINC00667","PC"
1.70558748392653e-07,0.675293895084912,0.063,0.106,0.00392506847676013,"CROCCP2","PC"
2.18259816548523e-07,2.33727834341242,0.106,0.075,0.00502281315823116,"CTD-2521M24.9","PC"
9.09554567106569e-05,0.997920128662407,0.127,0.181,1,"RP11-139H15.1","PC"
0.0221211020780553,0.801890995923976,0.492,0.598,1,"RP11-94L15.2","PC"
0.0348138327143394,-0.386530209508346,0.681,0.816,1,"SNORD3A","PC"
0.0798724527561986,1.28812525453122,0.196,0.25,1,"GS1-251I9.4","PC"
0.14600432923518,1.89688797469652,0.144,0.179,1,"AC009948.5","PC"
0.624680819944084,1.10047522945712,0.13,0.145,1,"AC159540.1","PC"
0,1.22576299961521,0.904,0.305,0,"ZFAS1","prePB"
0,1.5985896644838,0.752,0.185,0,"MIR4435-1HG","prePB"
0,1.25494196315007,0.618,0.092,0,"SNHG12","prePB"
0,0.591787763622817,0.535,0.095,0,"SNHG7","prePB"
0,1.09955830138393,0.425,0.044,0,"SNHG15","prePB"
0,1.49784306920103,0.397,0.043,0,"LINC00116","prePB"
0,2.12354564690757,0.361,0.019,0,"MIR155HG","prePB"
0,7.21624650649039,0.262,0.001,0,"RP11-701P16.5","prePB"
0,-2.34058416356487,0.981,0.989,0,"MALAT1","prePB"
1.15591790863812e-306,0.440571884800803,0.534,0.106,2.66011388314891e-302,"FGD5-AS1","prePB"
8.85571082929745e-304,1.46481479751444,0.452,0.075,2.03796473314622e-299,"CTC-444N24.11","prePB"
9.42905568918928e-299,7.15860914669452,0.251,0.001,2.16990858575313e-294,"AC017002.1","prePB"
1.43645521654887e-297,0.937922683291142,0.457,0.077,3.30571438984392e-293,"CTC-503J8.6","prePB"
3.11543617930596e-285,0.999328544888591,0.607,0.16,7.1695532794368e-281,"AC104699.1","prePB"
4.09028166622744e-269,0.665359865150317,0.418,0.07,9.41296519848921e-265,"CTC-228N24.3","prePB"
1.14433333098012e-265,1.57754441785207,0.286,0.02,2.63345429458455e-261,"LINC00665","prePB"
2.06044072776141e-262,1.11034804351205,0.331,0.038,4.74169224679734e-258,"RP11-145M9.4","prePB"
8.52440453075693e-250,0.553443778657269,0.779,0.28,1.96172121466309e-245,"LINC00152","prePB"
6.96182222581969e-240,0.471647165492726,0.431,0.086,1.60212414882789e-235,"RP1-17K7.2","prePB"
9.77284320110126e-222,2.1974663446801,0.234,0.015,2.24902440586943e-217,"AC108488.3","prePB"
1.736141314369e-220,0.370380198573891,0.362,0.064,3.99538200675739e-216,"LINC00341","prePB"
2.86886417222412e-208,1.4738874616905,0.237,0.019,6.60211711953937e-204,"RP11-215G15.5","prePB"
5.30766980221229e-204,0.558622286815828,0.312,0.049,1.22145405158311e-199,"RP11-304L19.5","prePB"
7.01082111289294e-191,2.22746641268368,0.22,0.019,1.61340026271005e-186,"VTRNA2-1","prePB"
9.2362415314542e-187,0.550803545094235,0.297,0.05,2.12553626363356e-182,"NNT-AS1","prePB"
2.16242801258712e-185,0.805628591348745,0.287,0.046,4.97639558536673e-181,"WAC-AS1","prePB"
1.15149708015643e-181,1.40168111278213,0.228,0.024,2.64994023056399e-177,"RP11-295G20.2","prePB"
2.60183987701436e-175,0.617840079397123,0.272,0.044,5.98761410897315e-171,"RP6-109B7.3","prePB"
2.90159655961529e-175,0.410101187664552,0.312,0.061,6.67744416264266e-171,"CTC-241F20.3","prePB"
1.29360881223824e-172,2.06800813623667,0.184,0.011,2.97698195960386e-168,"RP5-940J5.9","prePB"
4.10678212558942e-164,1.72841661277351,0.205,0.021,9.45093770561893e-160,"RP11-25K19.1","prePB"
1.01255742986007e-158,2.30374880030633,0.166,0.009,2.33019841333698e-154,"RP11-386G11.10","prePB"
1.82517518369626e-150,1.0798137186867,0.205,0.026,4.20027565024021e-146,"AP001046.5","prePB"
5.9584209788788e-149,1.02108570115571,0.182,0.017,1.37121141986938e-144,"TP53TG1","prePB"
7.68242100987502e-149,0.316957731565222,0.295,0.065,1.76795554700254e-144,"RP11-568N6.1","prePB"
1.43185364018982e-148,1.14165408421258,0.208,0.027,3.29512478216884e-144,"TMPO-AS1","prePB"
8.07403796328934e-148,1.32618037736489,0.196,0.023,1.85807835649177e-143,"UBL7-AS1","prePB"
5.41972137728976e-147,1.23002116623605,0.204,0.027,1.24724048055569e-142,"RP11-545E17.3","prePB"
8.48866735251008e-143,0.302010777683746,0.251,0.047,1.95349701783315e-138,"THAP9-AS1","prePB"
5.88235665976675e-140,1.06418015401845,0.191,0.024,1.35370673811212e-135,"RP11-620J15.3","prePB"
1.79506032098638e-139,1.47763138710478,0.166,0.015,4.13097231668596e-135,"RP11-425I13.3","prePB"
4.54081800555852e-131,2.6460066385951,0.135,0.007,1.04497844761918e-126,"IL10RB-AS1","prePB"
6.44468509316291e-130,3.24910943353,0.122,0.003,1.48311538048958e-125,"RP11-126K1.6","prePB"
1.83040965280469e-126,1.95862609181795,0.135,0.008,4.21232173399943e-122,"CTC-459F4.3","prePB"
2.44789293075163e-124,-0.309611892976157,0.571,0.219,5.63333600153872e-120,"LINC00657","prePB"
1.54699245573589e-123,1.17292425977298,0.171,0.022,3.560093738385e-119,"RPPH1","prePB"
4.11760091070003e-123,0.512904970074437,0.208,0.037,9.47583497579397e-119,"PITPNA-AS1","prePB"
5.51418241309145e-121,-0.377018725621172,0.425,0.144,1.26897879872474e-116,"TAPSAR1","prePB"
2.43920727214236e-115,0.743418879353034,0.155,0.018,5.6133476953812e-111,"LINC00094","prePB"
3.66101811372307e-115,-0.704246188332872,0.543,0.205,8.42510098511089e-111,"TUG1","prePB"
1.07599369535572e-114,0.538278239188408,0.212,0.043,2.47618429112213e-110,"SNORD3D","prePB"
7.37208440559906e-112,2.163937510377,0.113,0.005,1.69653778426051e-107,"RP11-500C11.3","prePB"
1.42909100505636e-111,1.12443724226177,0.136,0.013,3.2887671299362e-107,"NOP14-AS1","prePB"
3.68107223810677e-110,-0.825739470630986,0.32,0.095,8.4712515415551e-106,"EPB41L4A-AS1","prePB"
7.71530097873633e-104,-0.365547656518744,0.225,0.053,1.77552221423659e-99,"TTTY15","prePB"
1.74096519799826e-103,1.43208538229217,0.123,0.01,4.00648321015339e-99,"BZRAP1-AS1","prePB"
2.17598639880827e-102,1.07749117061186,0.131,0.014,5.00759749957747e-98,"CTA-384D8.36","prePB"
1.81669125601063e-101,-0.394946971885294,0.26,0.072,4.18075158745726e-97,"ILF3-AS1","prePB"
3.22196900407197e-101,0.522199417135699,0.151,0.022,7.41471726907083e-97,"LINC00662","prePB"
2.13949506534441e-100,0.61331144201375,0.156,0.024,4.92361999387709e-96,"RP11-160O5.1","prePB"
5.61710633613186e-100,-0.447984650809203,0.321,0.104,1.29266468113403e-95,"MMP24-AS1","prePB"
3.78310564210485e-97,1.26477661959361,0.14,0.019,8.7060610141759e-93,"RP5-1024G6.8","prePB"
2.63189867597119e-96,0.764837958071472,0.135,0.017,6.05678842301251e-92,"CD27-AS1","prePB"
2.89772505152285e-96,0.508756953327829,0.144,0.021,6.66853466106954e-92,"RSBN1L-AS1","prePB"
1.91605318340355e-95,1.21820030392654,0.119,0.012,4.40941319096658e-91,"FLVCR1-AS1","prePB"
4.25989759714953e-93,-0.379014349902113,0.234,0.064,9.80330234032021e-89,"LINC00667","prePB"
1.81485811298924e-92,1.07861474409153,0.142,0.022,4.17653297542214e-88,"RP11-22P6.3","prePB"
8.94026740249774e-91,-0.37502255814763,0.251,0.074,2.05742373733681e-86,"ZSCAN16-AS1","prePB"
1.94408322425433e-90,0.564099766318565,0.126,0.016,4.4739187239765e-86,"RP11-111M22.3","prePB"
3.18436928357141e-90,-0.599757086369763,0.391,0.148,7.32818903228288e-86,"GS1-251I9.4","prePB"
2.01351655979711e-88,0.49521729040796,0.112,0.011,4.63370565906108e-84,"AC093323.3","prePB"
2.89432997156377e-86,1.03443866290653,0.116,0.014,6.66072156355971e-82,"CTC-425F1.4","prePB"
3.19103708736361e-86,0.311444598505481,0.131,0.019,7.34353364914988e-82,"PTCHD3P1","prePB"
3.61679572182002e-84,-0.991972487788258,0.346,0.127,8.3233319946244e-80,"RP11-349A22.5","prePB"
8.58829644129481e-84,-0.765041445684367,0.364,0.137,1.97642466003518e-79,"SNHG9","prePB"
5.09222566961937e-80,-0.662857884782678,0.563,0.255,1.17187389334951e-75,"SCARNA9","prePB"
1.31795376594219e-75,0.348084649065082,0.137,0.027,3.03300700156277e-71,"RP3-477O4.14","prePB"
7.97625994374875e-73,-0.252992373636134,0.171,0.044,1.8355767008549e-68,"TMEM161B-AS1","prePB"
1.78813368734563e-72,-3.0478370669844,0.212,0.349,4.11503205468849e-68,"RP11-16E12.2","prePB"
1.86530948562604e-72,0.602641354796196,0.109,0.016,4.29263671927121e-68,"RP11-1094M14.11","prePB"
1.25918606280685e-71,0.269648859078779,0.144,0.032,2.8977648863374e-67,"RP11-625L16.3","prePB"
1.97482230609428e-69,-4.64057260342103,0.038,0.167,4.54465857301477e-65,"RP11-290F5.1","prePB"
9.12840666869727e-69,0.886046002685315,0.107,0.017,2.1007202266673e-64,"CRNDE","prePB"
1.29677472710809e-68,0.343152773452405,0.101,0.015,2.98426767949384e-64,"CTD-3195I5.1","prePB"
1.16878456138364e-65,0.626828092768135,0.121,0.025,2.68972391111217e-61,"RMRP","prePB"
2.89293942333921e-65,0.487891646149954,0.1,0.015,6.65752149493053e-61,"CTD-2306M10.1","prePB"
3.31347235619155e-63,-0.320363162393374,0.172,0.05,7.62529393330361e-59,"LINC00936","prePB"
1.56947911437683e-58,-0.432959337751694,0.169,0.052,3.61184228591539e-54,"CTBP1-AS2","prePB"
1.94922095270798e-57,-1.71406233998468,0.873,0.729,4.48574217846688e-53,"SNORD3A","prePB"
6.05539303462694e-57,-0.634093997462959,0.27,0.109,1.3935275990587e-52,"RP11-139H15.1","prePB"
6.47898516322402e-56,-0.275975720181186,0.139,0.038,1.49100885561274e-51,"LINC00426","prePB"
7.85567452556727e-56,-0.432358417138684,0.136,0.036,1.8078263785688e-51,"RP11-350F4.2","prePB"
1.68956396839386e-49,-0.534818378828289,0.143,0.044,3.88819356046479e-45,"SRP14-AS1","prePB"
2.86985726610412e-49,-0.254266553775565,0.116,0.03,6.6044025264854e-45,"RP11-169K16.9","prePB"
3.62057698904288e-47,-0.787913631855857,0.163,0.056,8.33203382488437e-43,"MKLN1-AS1","prePB"
5.12303166207928e-47,-0.520779303412671,0.139,0.044,1.17896327639431e-42,"RNU12","prePB"
1.16145259629115e-46,-0.874647799675997,0.213,0.085,2.67285085984482e-42,"LINC00969","prePB"
6.08726182695117e-46,-0.991817728523883,0.171,0.062,1.40086156423627e-41,"TRIM52-AS1","prePB"
7.54646796720288e-45,-0.36425239228525,0.111,0.03,1.7366686732924e-40,"ASB16-AS1","prePB"
5.18641004692872e-43,-0.274547179902997,0.104,0.028,1.19354854409971e-38,"RP5-886K2.3","prePB"
3.41218709729302e-41,-0.802691542871544,0.116,0.035,7.85246616700043e-37,"RP11-611L7.1","prePB"
2.29892132096352e-40,-0.333389030080313,0.117,0.036,5.29050763593335e-36,"LINC00847","prePB"
3.90600151539828e-40,-0.478957215048955,0.102,0.029,8.98888128738605e-36,"RP11-262H14.1","prePB"
7.09304248051887e-39,-1.42258547286586,0.222,0.097,1.63232186604181e-34,"LINC00926","prePB"
9.24405538130378e-39,-0.552456315610921,0.126,0.043,2.12733446489944e-34,"PSMD5-AS1","prePB"
3.29601233386889e-37,-0.93566626617567,0.104,0.031,7.58511318393247e-33,"RP11-611E13.2","prePB"
5.4874259599372e-32,-1.05679745228612,0.121,0.045,1.26282133616035e-27,"AC084018.1","prePB"
2.65126428834333e-28,-1.16073217931048,0.148,0.065,6.1013545067645e-24,"CROCCP2","prePB"
2.96097800642064e-25,-1.36663215422249,0.135,0.06,6.81409868617581e-21,"7SK","prePB"
3.70306161217122e-23,-1.4655522649198,0.113,0.049,8.52185568808963e-19,"PCBP1-AS1","prePB"
1.96577629400588e-21,-3.40412609186507,0.044,0.1,4.52384098539573e-17,"RP11-81H14.2","prePB"
1.91687851557665e-17,-1.2385646138713,0.122,0.061,4.41131252789654e-13,"CTD-2521M24.9","prePB"
3.14589678844456e-14,-2.88042906771451,0.113,0.16,7.23965227924747e-10,"AC074289.1","prePB"
1.37428609942129e-07,-1.57616115263183,0.822,0.584,0.00316264460059822,"NEAT1","prePB"
8.41316836714799e-07,-1.41288755198218,0.359,0.243,0.0193612243633177,"RP11-284N8.3","prePB"
3.74656915093272e-05,-2.59665309793341,0.13,0.147,0.862197958704146,"AC159540.1","prePB"
0.000368030913414498,-1.34481711939672,0.41,0.296,1,"AL928768.3","prePB"
0.00433316168902515,-1.93540943656336,0.383,0.271,1,"MIAT","prePB"
0.0432164937955614,-2.28460521600115,0.108,0.113,1,"CTA-445C9.15","prePB"
0.425537502008441,-1.99078112208738,0.174,0.147,1,"AC006129.2","prePB"
