"p_val","avg_log2FC","pct.1","pct.2","p_val_adj","gene","cluster"
0,1.59708251924162,0.817,0.2,0,"MIR4435-1HG","0"
0,1.18817239630683,0.945,0.333,0,"ZFAS1","0"
0,1.32705699731878,0.685,0.103,0,"SNHG12","0"
0,0.759863398087612,0.6,0.1,0,"SNHG7","0"
0,0.386180193814391,0.578,0.121,0,"FGD5-AS1","0"
0,1.15913959313405,0.481,0.049,0,"SNHG15","0"
0,0.771158267502915,0.499,0.088,0,"CTC-503J8.6","0"
0,1.47359419219228,0.449,0.047,0,"LINC00116","0"
0,1.31410692682551,0.384,0.037,0,"RP11-145M9.4","0"
0,4.96801741595062,0.299,0.005,0,"RP11-701P16.5","0"
9.10346445602324e-298,2.8894824916808,0.273,0.011,2.09498027526463e-293,"AC017002.1","0"
7.74870332770783e-286,0.581451789012637,0.456,0.08,1.7832090968054e-281,"CTC-228N24.3","0"
1.01242574269528e-280,0.853947634345141,0.647,0.178,2.32989536166464e-276,"AC104699.1","0"
1.7582954136314e-264,0.964844099449268,0.356,0.048,4.04636523538993e-260,"MIR155HG","0"
5.85253731418323e-263,0.251254609756608,0.716,0.212,1.34684441211299e-258,"SNORA76","0"
2.08775827697655e-261,0.412443471274222,0.472,0.095,4.80455812280613e-257,"RP1-17K7.2","0"
6.7628238634016e-261,2.06437051816051,0.266,0.017,1.55632865568461e-256,"AC108488.3","0"
1.94464421770926e-259,0.490863215396955,0.834,0.294,4.47520973821432e-255,"LINC00152","0"
6.01004661903634e-254,1.18144356122783,0.305,0.032,1.38309202843883e-249,"LINC00665","0"
4.23349192849059e-242,0.530635280843241,0.351,0.052,9.74253497503539e-238,"RP11-304L19.5","0"
1.10241989851581e-239,0.377097229654318,0.397,0.072,2.53699891245444e-235,"LINC00341","0"
4.40936652690227e-220,1.51070910145028,0.26,0.026,1.01472751883602e-215,"RP11-295G20.2","0"
5.10150110115854e-220,0.34487831112626,0.452,0.105,1.17400844840961e-215,"CTC-444N24.11","0"
7.25959082322005e-219,1.76726529564492,0.248,0.022,1.67064963614763e-214,"VTRNA2-1","0"
3.76304074479905e-213,0.403124560516381,0.331,0.054,8.65988566600605e-209,"NNT-AS1","0"
1.62707975087847e-212,1.11271122955091,0.258,0.027,3.74439863069662e-208,"RP11-215G15.5","0"
8.56285752329388e-206,1.98513323690163,0.236,0.022,1.97057040183562e-201,"RP11-25K19.1","0"
2.27006520349722e-202,0.575262213805396,0.303,0.047,5.22410105280816e-198,"RP6-109B7.3","0"
1.6718429026755e-197,1.95105486507539,0.207,0.014,3.84741207192714e-193,"RP5-940J5.9","0"
6.6090472686713e-192,0.277934835403234,0.343,0.067,1.52094004793933e-187,"CTC-241F20.3","0"
5.41392013887311e-191,1.33052439347522,0.24,0.027,1.24590544155887e-186,"TMPO-AS1","0"
6.27715422288316e-191,0.523920714316893,0.312,0.055,1.4445615013121e-186,"WAC-AS1","0"
2.87151969082185e-182,1.46559096799981,0.224,0.024,6.60822826448831e-178,"UBL7-AS1","0"
2.89040878515551e-181,2.32938063058233,0.187,0.012,6.65169773727838e-177,"RP11-386G11.10","0"
6.59163795006064e-180,1.23603068306131,0.232,0.028,1.51693364144745e-175,"AP001046.5","0"
2.2758960830119e-173,1.21719006569467,0.23,0.029,5.23751965583529e-169,"RP11-545E17.3","0"
1.11902708507956e-170,1.64620481063955,0.19,0.016,2.57521703089359e-166,"RP11-425I13.3","0"
5.06151610690836e-169,0.941111220141609,0.217,0.025,1.16480670168282e-164,"RP11-620J15.3","0"
1.64772959435467e-157,0.752107664149954,0.199,0.022,3.7919201154884e-153,"TP53TG1","0"
2.87378779634251e-154,0.324624589241495,0.274,0.053,6.61344785572302e-150,"THAP9-AS1","0"
9.87373422895761e-148,0.586319288351904,0.234,0.039,2.27224245811002e-143,"PITPNA-AS1","0"
4.88271260924231e-146,2.68457840519489,0.137,0.005,1.12365865276493e-141,"RP11-126K1.6","0"
3.47794014508993e-144,1.32400033899116,0.192,0.024,8.00378365589546e-140,"RPPH1","0"
7.8521868013715e-140,1.77571939132427,0.151,0.011,1.80702374859962e-135,"CTC-459F4.3","0"
4.61893979783114e-138,1.8500014736645,0.148,0.011,1.06295661567488e-133,"IL10RB-AS1","0"
1.05452953498763e-135,2.3526421808257,0.13,0.006,2.42678881886703e-131,"RP11-500C11.3","0"
7.5443166058734e-133,0.4705243391114,0.235,0.046,1.73617358050965e-128,"SNORD3D","0"
2.35780135985552e-129,5.14306946366669,0.108,0.001,5.42600826943551e-125,"LINC00643","0"
2.91970186060969e-129,1.07781137480485,0.153,0.014,6.71910989182109e-125,"NOP14-AS1","0"
1.07134784233977e-127,1.25216880983257,0.151,0.014,2.46549278957652e-123,"CTA-384D8.36","0"
2.14160953535573e-126,0.744474151088582,0.178,0.025,4.92848602371414e-122,"RP11-160O5.1","0"
3.92404402084037e-120,3.07389570754499,0.112,0.004,9.03040250515995e-116,"CTC-524C5.2","0"
6.61182691682704e-120,0.534863407540136,0.168,0.023,1.52157972836941e-115,"LINC00094","0"
4.56399772329733e-119,0.994018490341518,0.138,0.012,1.05031279606241e-114,"BZRAP1-AS1","0"
2.19169192578831e-116,4.30964500724647,0.114,0.005,5.04374062881663e-112,"BCYRN1","0"
9.75417310783314e-116,1.15507405418809,0.162,0.022,2.24472785730564e-111,"RP11-22P6.3","0"
3.72144948273223e-115,2.15257828864407,0.112,0.005,8.56417169461168e-111,"PRKAG2-AS1","0"
3.38258795188189e-113,1.07085449866542,0.135,0.013,7.78434965366579e-109,"FLVCR1-AS1","0"
2.2292829678774e-112,2.72113876404389,0.107,0.004,5.13024889397625e-108,"RP11-22N19.2","0"
4.22652087775877e-112,0.47061672191904,0.161,0.023,9.72649249598625e-108,"RSBN1L-AS1","0"
5.63385843771724e-111,1.07692392722144,0.156,0.021,1.29651984227187e-106,"RP5-1024G6.8","0"
2.94723582709157e-109,0.718079572926278,0.15,0.02,6.78247380888583e-105,"CD27-AS1","0"
3.16816514072574e-107,0.565579823168809,0.142,0.017,7.29089843835214e-103,"RP11-111M22.3","0"
1.83645814320439e-104,2.53457195527772,0.104,0.005,4.22624112495626e-100,"RP5-1028K7.2","0"
2.62562992999721e-103,0.682074443666982,0.126,0.013,6.04236215790258e-99,"AC093323.3","0"
4.67974434671164e-103,0.491277994168936,0.147,0.021,1.07694956650875e-98,"PTCHD3P1","0"
4.86346074116492e-102,1.01268029600782,0.131,0.015,1.11922822036428e-97,"CTC-425F1.4","0"
3.3230018691211e-96,0.354893805596584,0.15,0.024,7.64722420140839e-92,"RP11-31F15.1","0"
3.92814454501308e-94,0.320054478561179,0.145,0.023,9.03983904143861e-90,"SNHG10","0"
3.69502261018739e-91,1.00553537887796,0.124,0.016,8.50335553282425e-87,"CRNDE","0"
1.3388314509604e-89,1.77216884634848,0.1,0.008,3.08105281809516e-85,"RP11-498C9.15","0"
1.12924422789801e-85,0.362275628830326,0.123,0.017,2.5987297416617e-81,"RP11-1094M14.11","0"
1.54983230024195e-85,0.326021933155296,0.138,0.023,3.56662907254679e-81,"RP11-85F14.5","0"
1.5083539353603e-84,0.296100862154118,0.131,0.021,3.47117491144467e-80,"RN7SL1","0"
2.09479047974257e-84,0.878709361709605,0.109,0.013,4.82074133103157e-80,"VPS9D1-AS1","0"
3.60725579244371e-82,0.836597373062607,0.138,0.025,8.3013777551507e-78,"RMRP","0"
1.11165339263023e-79,0.488675351976473,0.109,0.014,2.55824795245996e-75,"LINC00984","0"
2.77837198984611e-79,0.404371180642884,0.114,0.016,6.39386746023286e-75,"CTD-3195I5.1","0"
4.74483592041058e-74,0.399393438462162,0.108,0.016,1.09192909036409e-69,"RP11-792A8.4","0"
1.62038519744918e-71,0.391214082745794,0.108,0.016,3.7289924548898e-67,"AC018737.1","0"
3.67213115591476e-70,0.516835621911778,0.109,0.018,8.45067542910663e-66,"CTD-2306M10.1","0"
1.1978291909385e-92,1.61289476896672,0.835,0.76,2.75656431710676e-88,"SNORD3A","1"
2.7697779081433e-70,1.10169641743689,0.734,0.645,6.37408990001018e-66,"NEAT1","1"
6.04014597200058e-62,0.416895007646588,0.984,0.987,1.39001879253649e-57,"MALAT1","1"
1.3294862073555e-56,1.37622912118886,0.442,0.296,3.0595466089872e-52,"AL928768.3","1"
9.34003904608021e-49,0.678274501186145,0.41,0.255,2.14942318567444e-44,"RP11-16E12.2","1"
5.96073011905692e-46,0.824703168038339,0.204,0.087,1.37174282229857e-41,"RP11-290F5.1","1"
3.67745555829553e-43,1.50552806950469,0.145,0.053,8.46292847630549e-39,"RP11-81H14.2","1"
6.31636559067341e-41,1.23568318560909,0.219,0.11,1.45358521338167e-36,"AC159540.1","1"
3.9783774215672e-33,0.937398626601915,0.109,0.038,9.1554399602526e-29,"RP5-887A10.1","1"
3.46588948446613e-16,0.278384919545998,0.052,0.117,7.97605147060189e-12,"RP11-295G20.2","1"
2.83949391369895e-12,0.40040018628158,0.148,0.237,6.53452734359539e-08,"RP1-17K7.2","1"
1.20344712428552e-10,0.613051214593548,0.057,0.108,2.76949286711827e-06,"TMPO-AS1","1"
0.000190833289419333,0.610466246574025,0.081,0.114,1,"SNORD3D","1"
0.000806530351266152,0.303087211352292,0.075,0.103,1,"LINC00936","1"
0.0187565976137279,0.674977439198184,0.15,0.186,1,"U3","1"
0.0248988091862439,0.343385037274124,0.081,0.101,1,"CROCCP2","1"
0.186401615306516,0.952833941575874,0.095,0.111,1,"RP11-386I14.4","1"
0.264640489212242,0.340271193205675,0.13,0.148,1,"LINC00926","1"
0.266553247421661,0.909854145101687,0.133,0.132,1,"LINC00969","1"
0.377400196326385,0.408385437346283,0.332,0.383,1,"SNORA76","1"
9.24379837243623e-90,1.07367095034536,0.987,0.986,2.12727531944875e-85,"MALAT1","2"
3.6449513991791e-69,1.829561300118,0.481,0.27,8.38812665493087e-65,"RP11-16E12.2","2"
3.9654513631877e-28,2.51695021957076,0.122,0.043,9.12569322210386e-24,"WT1-AS","2"
2.51766790271865e-21,1.64878340977355,0.201,0.108,5.79390914452644e-17,"RP11-290F5.1","2"
9.22820259813665e-21,0.406288067816996,0.08,0.215,2.12368626390919e-16,"CTC-228N24.3","2"
3.44512736063757e-19,1.78269473540647,0.348,0.276,7.92827159503523e-15,"RP11-284N8.3","2"
8.66240224894042e-18,0.569173345620448,0.064,0.175,1.99347862954866e-13,"SETD5-AS1","2"
2.73101863708608e-17,0.485615928965093,0.093,0.219,6.28489318952619e-13,"LINC00493","2"
4.76486773620528e-16,0.614666393933351,0.046,0.139,1.09653901213292e-11,"RP6-109B7.3","2"
2.29215320942981e-15,0.605655019188992,0.063,0.162,5.27493218086081e-11,"RP11-568N6.1","2"
9.76361104845186e-14,0.281265380032823,0.064,0.157,2.24689981058023e-09,"RAB30-AS1","2"
4.41169793886647e-13,0.482159736439576,0.092,0.197,1.01526404667134e-08,"MMP24-AS1","2"
1.03457305629801e-11,0.430755139172282,0.28,0.476,2.3808629744586e-07,"AC009501.4","2"
1.51650315899635e-11,0.704713762620383,0.066,0.15,3.48992871979831e-07,"ZSCAN16-AS1","2"
3.83856928888512e-11,0.534517407497963,0.049,0.121,8.83369950451134e-07,"LINC00909","2"
3.61843783245288e-10,0.751889851564924,0.08,0.164,8.32711098382382e-06,"CTC-241F20.3","2"
1.16707687952252e-09,0.457232998537894,0.122,0.22,2.68579402284517e-05,"RP11-349A22.5","2"
4.03333910570972e-09,1.35522370061641,0.191,0.135,9.28192328396978e-05,"AC074289.1","2"
9.76596443283796e-08,1.58239096964069,0.151,0.105,0.002247441394929,"CTA-445C9.15","2"
2.2692006461664e-07,0.649665443534707,0.057,0.114,0.00522211144702273,"TOPORS-AS1","2"
5.49193083580296e-07,0.762519953704174,0.073,0.134,0.0126385804324334,"LINC00667","2"
8.2560610896764e-07,0.979177148032327,0.161,0.26,0.0189996733856723,"TAPSAR1","2"
1.21486293846822e-06,0.636342304874246,0.052,0.102,0.0279576408029692,"CTBP1-AS2","2"
2.39931629971444e-06,0.791300576727035,0.225,0.345,0.0552154660053284,"TUG1","2"
5.78135034677098e-06,0.726468220411494,0.239,0.364,0.133046215530241,"LINC00657","2"
4.61967150756533e-05,0.588899252671417,0.602,0.681,1,"NEAT1","2"
0.00112750272371581,0.873294734348731,0.121,0.175,1,"RP11-139H15.1","2"
0.0027647074263132,2.10712475657492,0.101,0.08,1,"CTD-2521M24.9","2"
0.0231283001261695,0.771033284830483,0.111,0.146,1,"AC159540.1","2"
0.0771644509879189,1.14918706215212,0.292,0.315,1,"MIAT","2"
0.158000256827958,1.22373416354364,0.16,0.156,1,"AC006129.2","2"
0.172279280920038,1.53533990423522,0.14,0.175,1,"AC009948.5","2"
0.699869362682203,1.35910852783405,0.203,0.242,1,"GS1-251I9.4","2"
0.744479133356739,0.582562768845106,0.472,0.586,1,"RP11-94L15.2","2"
5.98163775009794e-191,5.21202847628432,0.269,0.033,1.37655429543004e-186,"CTA-250D10.23","3"
1.04938457060301e-40,4.22916627259965,0.137,0.04,2.4149487123287e-36,"AC079767.4","3"
8.65768652910918e-32,1.47214385193839,0.571,0.516,1.9923934009439e-27,"ZFAS1","3"
3.24593673338697e-31,0.417832650457687,0.041,0.203,7.46987420454344e-27,"SNHG15","3"
6.49991218110535e-28,0.391471644709814,0.137,0.355,1.49582479023777e-23,"TUG1","3"
2.04640905580984e-25,0.301271361522335,0.031,0.161,4.70940116013517e-21,"RP11-304L19.5","3"
2.79936838072079e-24,0.943768368960284,0.105,0.285,6.44218645455276e-20,"FGD5-AS1","3"
1.30972119411378e-21,1.02050788395267,0.107,0.276,3.01406138401404e-17,"SNHG7","3"
1.80042308980147e-21,0.315087296982704,0.023,0.13,4.14331365656011e-17,"LINC00665","3"
7.15384065307957e-20,0.493858620666182,0.034,0.143,1.6463133494932e-15,"HCG18","3"
1.53655423274997e-17,1.07067409150318,0.089,0.226,3.53607225582751e-13,"NCBP2-AS2","3"
4.5574792710009e-17,0.406920727753118,0.047,0.153,1.04881270463544e-12,"ILF3-AS1","3"
1.8620081348368e-16,0.313378049960227,0.037,0.133,4.28503932069992e-12,"THAP9-AS1","3"
8.88549795997957e-16,0.676210061145426,0.088,0.213,2.0448196455301e-11,"MIR142","3"
9.07052474975797e-14,1.2676052793269,0.058,0.156,2.0873998606618e-09,"MIR155HG","3"
2.26286859356876e-13,1.46219926558269,0.063,0.161,5.20753949437979e-09,"CASC7","3"
2.06693815546562e-12,0.412781507648195,0.031,0.104,4.75664477717304e-08,"LINC00936","3"
4.03450907925783e-11,1.11615951293637,0.117,0.234,9.28461574409604e-07,"SNHG9","3"
6.39450941754642e-11,0.939477383818702,0.037,0.107,1.47156845225996e-06,"RP11-215G15.5","3"
4.72113142948624e-10,2.55039411720906,0.19,0.136,1.08647397586767e-05,"LINC00926","3"
7.4285207952996e-10,1.15699981113285,0.226,0.402,1.7095254906223e-05,"RP11-220I1.1","3"
6.99060633795395e-09,1.07477986716795,0.118,0.219,0.000160874823655334,"RP11-349A22.5","3"
1.65383936970224e-05,1.30514474494296,0.053,0.101,0.380598054149577,"MKLN1-AS1","3"
0.00810758438149768,1.54191398713092,0.259,0.382,1,"SCARNA9","3"
0.0186267545838308,2.46598435078102,0.179,0.176,1,"EPB41L4A-AS1","3"
0.0739776948524002,2.14900637994877,0.09,0.119,1,"TTTY15","3"
0.197496065943235,2.19220703554443,0.083,0.104,1,"TRIM52-AS1","3"
0.629216694924797,1.53705947427938,0.338,0.476,1,"SNHG8","3"
4.12176937190217e-57,0.950130091999174,0.993,0.985,9.48542785555847e-53,"MALAT1","4"
3.46708707484563e-42,1.74192475308592,0.485,0.32,7.97880748534224e-38,"AL928768.3","4"
2.80428002881403e-33,1.83866460290598,0.437,0.298,6.45348963030973e-29,"MIAT","4"
2.81472623358212e-22,1.61464430495043,0.244,0.131,6.47752948134253e-18,"AC074289.1","4"
2.59374123293249e-20,0.982595097178901,0.412,0.286,5.96897669934753e-16,"RP11-16E12.2","4"
3.15600301227478e-16,1.3082962868422,0.204,0.111,7.26290973214794e-12,"RP11-290F5.1","4"
3.59825449894377e-12,2.13903162638099,0.106,0.049,8.28066307841929e-08,"RP3-508I15.21","4"
3.85127869932524e-12,0.371948505176523,0.052,0.146,8.86294767075718e-08,"NUTM2A-AS1","4"
1.30450856553903e-10,1.63045765460144,0.219,0.15,3.00206556187497e-06,"AC006129.2","4"
2.33597194983179e-10,0.392906081528078,0.075,0.17,5.37577224814789e-06,"SETD5-AS1","4"
2.76571127029546e-10,0.320703028273008,0.118,0.231,6.36473134633095e-06,"SNHG9","4"
1.2128099408005e-08,0.336665495981262,0.066,0.146,0.000279103951676418,"ZSCAN16-AS1","4"
1.74400992955362e-08,0.447891835019542,0.041,0.106,0.000401349005088174,"PITPNA-AS1","4"
3.66235647389537e-08,1.08650784219312,0.329,0.281,0.000842818095337542,"RP11-284N8.3","4"
5.96072250858369e-08,0.548904740210568,0.114,0.212,0.00137174107090037,"LINC00493","4"
1.09182406401677e-07,0.304390331171787,0.072,0.148,0.0025126147185218,"ILF3-AS1","4"
2.84714056233926e-07,0.412631568252908,0.082,0.16,0.00655212457611134,"CTC-241F20.3","4"
3.88636793436718e-07,0.472220322707116,0.069,0.139,0.0089436985273592,"LINC00969","4"
4.47521061860713e-07,0.37684841679963,0.081,0.156,0.0102988021966006,"RP11-568N6.1","4"
3.31390247655399e-06,0.896727895751259,0.082,0.152,0.076262837692937,"RAB30-AS1","4"
3.86040935598846e-06,1.70812701533546,0.102,0.062,0.0888396005093624,"AC006129.4","4"
5.37914985003936e-06,1.45277037209835,0.152,0.107,0.123790375498956,"CTA-445C9.15","4"
7.38751966267346e-06,0.521509730346648,0.63,0.675,0.170008989997104,"NEAT1","4"
5.32775497928837e-05,0.64142600787761,0.118,0.19,1,"MMP24-AS1","4"
5.90304803755858e-05,1.16620856140531,0.113,0.076,1,"RP11-81H14.2","4"
6.53786763518398e-05,0.52066502097173,0.31,0.466,1,"AC009501.4","4"
7.13780553901113e-05,0.613423745901077,0.166,0.256,1,"TAPSAR1","4"
0.0039841082402507,1.08173959320591,0.106,0.08,1,"CTD-2521M24.9","4"
0.00527958021476972,0.759342267711633,0.152,0.213,1,"RP11-349A22.5","4"
0.00614114081911225,0.862778561505897,0.088,0.13,1,"LINC00667","4"
0.0148435661018344,0.477318058097027,0.181,0.243,1,"GS1-251I9.4","4"
0.0228532049172326,0.700323832741005,0.502,0.579,1,"RP11-94L15.2","4"
0.0231811046328259,0.493744876986282,0.265,0.356,1,"LINC00657","4"
0.158443491844992,0.741487628749443,0.138,0.171,1,"RP11-139H15.1","4"
0.410284652150621,0.888906065864506,0.141,0.141,1,"AC159540.1","4"
0.502443366899689,1.24068949563235,0.146,0.173,1,"AC009948.5","4"
1.30449222344176e-94,2.96919723686186,0.505,0.128,3.00202795380652e-90,"MIR155HG","5"
2.14412655393908e-50,2.15921363572982,0.231,0.045,4.93427843858001e-46,"AC079767.4","5"
3.35052713840377e-49,2.71245847779011,0.492,0.201,7.71056810360859e-45,"CTC-444N24.11","5"
5.32881380768902e-19,1.19747919631119,0.542,0.374,1.22631992156348e-14,"RP11-220I1.1","5"
6.96385452671558e-19,0.972280610175549,0.695,0.565,1.60259184223306e-14,"RP11-94L15.2","5"
4.17562363807213e-12,0.557366291637778,0.695,0.516,9.60936267829539e-08,"ZFAS1","5"
1.22010539903531e-11,0.851599123882864,0.474,0.342,2.80782855479997e-07,"LINC00657","5"
1.86638618434026e-05,2.29798767468409,0.151,0.09,0.429511452602223,"AC017002.1","5"
0.00016202943218345,1.42778256977169,0.172,0.114,1,"LINC00665","5"
0.000714533789579078,1.86596119373747,0.145,0.097,1,"RP11-215G15.5","5"
0.000996689315598857,0.472986536491122,0.102,0.186,1,"SNHG15","5"
0.00209931374248824,0.788366911036477,0.172,0.124,1,"LINC00667","5"
0.00501107939499959,1.23187503394799,0.175,0.133,1,"WAC-AS1","5"
0.00638918097672538,0.430202441421307,0.108,0.175,1,"LINC00116","5"
0.0133590737259854,0.511618687438943,0.086,0.142,1,"NNT-AS1","5"
0.0225457029094454,1.21476274350306,0.102,0.071,1,"RP11-350F4.2","5"
0.028616730111131,0.612997383597259,0.286,0.261,1,"FGD5-AS1","5"
0.0508723534996982,0.873707162234851,0.142,0.115,1,"TTTY15","5"
0.0678194291882715,0.809147106874553,0.154,0.211,1,"NCBP2-AS2","5"
0.0949891236805833,0.713851110426924,0.332,0.323,1,"AC104699.1","5"
0.101339240641249,1.00487206332112,0.215,0.197,1,"MIR142","5"
0.200624869608382,0.324175185362042,0.098,0.128,1,"RP6-109B7.3","5"
0.205555344685799,0.529610405524699,0.102,0.085,1,"HCG11","5"
0.257992909514293,0.259030286527712,0.142,0.174,1,"LINC00341","5"
0.284426868345294,1.06103591109537,0.114,0.101,1,"TRIM52-AS1","5"
0.305190142910491,0.584231480214612,0.108,0.095,1,"MKLN1-AS1","5"
0.385704811716747,0.476766224670719,0.108,0.131,1,"HCG18","5"
0.391442536323927,0.276477929183139,0.092,0.112,1,"LINC00909","5"
0.409791222544926,0.358218220129682,0.089,0.107,1,"TOPORS-AS1","5"
0.443919091871544,0.47442088465128,0.209,0.207,1,"RP11-349A22.5","5"
0.575471779570363,0.311589105925697,0.154,0.178,1,"EPB41L4A-AS1","5"
0.594407843980721,0.506848752045743,0.188,0.217,1,"CTC-503J8.6","5"
0.661364817796438,1.09967635966913,0.12,0.137,1,"NUTM2A-AS1","5"
0.792485849249517,0.861980682267235,0.148,0.152,1,"CTC-241F20.3","5"
0.85555646285356,0.45740729052792,0.145,0.149,1,"CASC7","5"
0.861349218275849,0.838552212245248,0.132,0.146,1,"JPX","5"
0.950724576152138,0.472565753599463,0.185,0.203,1,"LINC00493","5"
0.979262193748188,0.413147762998697,0.329,0.369,1,"SCARNA9","5"
