"p_val","avg_log2FC","pct.1","pct.2","p_val_adj","peak","transition","from_stage","to_stage","direction","significant"
0,8.889022068449,0.977,0.01,0,"chr20-26189915-26190173","T1_MBC_to_prePB","MBC","prePB","opening",TRUE
0,8.40759615391828,0.743,0.002,0,"chr7-148725564-148725844","T1_MBC_to_prePB","MBC","prePB","opening",TRUE
0,8.15551091250819,0.687,0.002,0,"chr11-65819563-65819840","T1_MBC_to_prePB","MBC","prePB","opening",TRUE
0,7.98017561174723,0.695,0.003,0,"chr3-156392047-156392337","T1_MBC_to_prePB","MBC","prePB","opening",TRUE
0,7.94822990698135,0.696,0.003,0,"chr3-141456902-141457185","T1_MBC_to_prePB","MBC","prePB","opening",TRUE
0,7.69313507055798,0.701,0.003,0,"chr11-10879344-10879852","T1_MBC_to_prePB","MBC","prePB","opening",TRUE
0,7.65630194130345,0.71,0.003,0,"chr7-25164964-25165247","T1_MBC_to_prePB","MBC","prePB","opening",TRUE
0,7.60593213085541,0.699,0.003,0,"chr16-21531415-21531949","T1_MBC_to_prePB","MBC","prePB","opening",TRUE
0,7.53076160558735,0.544,0.003,0,"chr9-79186682-79186938","T1_MBC_to_prePB","MBC","prePB","opening",TRUE
0,7.21034362720978,0.683,0.005,0,"chr3-150264263-150264526","T1_MBC_to_prePB","MBC","prePB","opening",TRUE
0,7.05702353324118,0.697,0.005,0,"chr3-195163745-195164015","T1_MBC_to_prePB","MBC","prePB","opening",TRUE
0,7.03495762795007,0.7,0.005,0,"chr14-91527028-91527297","T1_MBC_to_prePB","MBC","prePB","opening",TRUE
0,6.98245388693624,0.723,0.005,0,"chr11-67275720-67276026","T1_MBC_to_prePB","MBC","prePB","opening",TRUE
0,6.9620865501987,0.546,0.004,0,"chr12-127650771-127651052","T1_MBC_to_prePB","MBC","prePB","opening",TRUE
0,6.93671725925503,0.709,0.006,0,"chr4-2264009-2264263","T1_MBC_to_prePB","MBC","prePB","opening",TRUE
0,6.92151480988267,0.7,0.005,0,"chr7-108166641-108166924","T1_MBC_to_prePB","MBC","prePB","opening",TRUE
0,6.90195295231537,0.774,0.01,0,"chr17-33478050-33478310","T1_MBC_to_prePB","MBC","prePB","opening",TRUE
0,6.87530428638681,0.787,0.007,0,"chr3-119813627-119814156","T1_MBC_to_prePB","MBC","prePB","opening",TRUE
0,6.7284929627337,0.7,0.006,0,"chr11-6255878-6256142","T1_MBC_to_prePB","MBC","prePB","opening",TRUE
0,6.5634253183258,0.685,0.007,0,"chr11-64645941-64646500","T1_MBC_to_prePB","MBC","prePB","opening",TRUE
0,6.41171155846789,0.739,0.007,0,"chr4-153457284-153457555","T1_MBC_to_prePB","MBC","prePB","opening",TRUE
0,6.2430232037562,0.704,0.01,0,"chr6-167040695-167041222","T1_MBC_to_prePB","MBC","prePB","opening",TRUE
0,6.1052330426715,0.809,0.015,0,"chr19-16222177-16222690","T1_MBC_to_prePB","MBC","prePB","opening",TRUE
0,5.59340669392202,0.768,0.017,0,"chr3-49058954-49059577","T1_MBC_to_prePB","MBC","prePB","opening",TRUE
0,5.07908846816659,0.808,0.028,0,"chr11-3818660-3819166","T1_MBC_to_prePB","MBC","prePB","opening",TRUE
0,4.71696623797187,0.852,0.05,0,"chr2-133015103-133015357","T1_MBC_to_prePB","MBC","prePB","opening",TRUE
0,3.1390448370475,0.818,0.168,0,"chrX-108297568-108297821","T1_MBC_to_prePB","MBC","prePB","opening",TRUE
9.88131291682493e-324,6.78151641314486,0.698,0.005,3.05600352709936e-318,"chr10-75936286-75936546","T1_MBC_to_prePB","MBC","prePB","opening",TRUE
1.72922976044436e-322,7.95357182490244,0.669,0.002,5.34800617242389e-317,"chr2-219134899-219135155","T1_MBC_to_prePB","MBC","prePB","opening",TRUE
2.59384464066654e-321,6.75824383623097,0.69,0.006,8.02200925863583e-316,"chr17-40761371-40761645","T1_MBC_to_prePB","MBC","prePB","opening",TRUE
1.26777244722864e-320,7.35154632301254,0.676,0.004,3.92085252526848e-315,"chr7-105925513-105925784","T1_MBC_to_prePB","MBC","prePB","opening",TRUE
2.98415650088113e-320,6.52994907439673,0.635,0.007,9.22913065184008e-315,"chr2-133038969-133039223","T1_MBC_to_prePB","MBC","prePB","opening",TRUE
6.51519426514393e-319,4.24408421794356,0.766,0.046,2.01496064557533e-313,"chr17-45726756-45727268","T1_MBC_to_prePB","MBC","prePB","opening",TRUE
1.23359545617757e-317,6.83169686118697,0.67,0.005,3.81515300327493e-312,"chr14-99947330-99947610","T1_MBC_to_prePB","MBC","prePB","opening",TRUE
2.58407646878262e-317,6.34476720812543,0.679,0.008,7.99179913576869e-312,"chr19-50145118-50145380","T1_MBC_to_prePB","MBC","prePB","opening",TRUE
5.80729841586969e-315,13.2208947702146,0.641,0,1.79602898837443e-309,"chr19-48018279-48018529","T1_MBC_to_prePB","MBC","prePB","opening",TRUE
3.74070070810646e-312,6.19400394627894,0.683,0.008,1.15689024869679e-306,"chr13-96329170-96329439","T1_MBC_to_prePB","MBC","prePB","opening",TRUE
1.59092571788275e-310,5.63197198983116,0.707,0.014,4.92027187695317e-305,"chr17-19281263-19281691","T1_MBC_to_prePB","MBC","prePB","opening",TRUE
2.25293972698504e-310,7.12939078119907,0.646,0.004,6.96768922304391e-305,"chr2-135676155-135676410","T1_MBC_to_prePB","MBC","prePB","opening",TRUE
2.64132941904689e-310,6.29626436154957,0.683,0.009,8.1688659075805e-305,"chr11-9594922-9595185","T1_MBC_to_prePB","MBC","prePB","opening",TRUE
2.67800221107016e-310,8.01126985106071,0.652,0.002,8.28228421819879e-305,"chr12-56511937-56512240","T1_MBC_to_prePB","MBC","prePB","opening",TRUE
1.01784403027988e-309,6.70789521609481,0.669,0.007,3.1478964108869e-304,"chr3-88107938-88108478","T1_MBC_to_prePB","MBC","prePB","opening",TRUE
1.20105244727896e-309,7.42302991438971,0.654,0.003,3.71450691422411e-304,"chr16-11836595-11836874","T1_MBC_to_prePB","MBC","prePB","opening",TRUE
3.44735381843182e-309,5.96388729212717,0.684,0.01,1.06616656278023e-303,"chr9-91925727-91925990","T1_MBC_to_prePB","MBC","prePB","opening",TRUE
1.09816437206344e-308,5.93298215708406,0.706,0.011,3.39630393512431e-303,"chr4-17578685-17579192","T1_MBC_to_prePB","MBC","prePB","opening",TRUE
1.30464021783055e-306,6.06913296614725,0.671,0.009,4.03487384808671e-301,"chr10-1095015-1095284","T1_MBC_to_prePB","MBC","prePB","opening",TRUE
6.35641721983089e-306,12.1686509682607,0.624,0,1.96585550999432e-300,"chr17-62971604-62972109","T1_MBC_to_prePB","MBC","prePB","opening",TRUE
1.16668250859449e-305,5.86686545443517,0.711,0.01,3.60821066115526e-300,"chr9-4792655-4792931","T1_MBC_to_prePB","MBC","prePB","opening",TRUE
3.64440863013458e-305,5.62457306106094,0.708,0.014,1.12710990145035e-299,"chr2-219432963-219433525","T1_MBC_to_prePB","MBC","prePB","opening",TRUE
4.67326507704502e-304,6.78879959330641,0.663,0.005,1.44530536364279e-298,"chr7-44621695-44621965","T1_MBC_to_prePB","MBC","prePB","opening",TRUE
4.70206496177566e-304,7.294113839658,0.639,0.003,1.45421233279332e-298,"chrX-1510956-1511234","T1_MBC_to_prePB","MBC","prePB","opening",TRUE
1.59909383793993e-303,6.6193156903409,0.67,0.006,4.9455335035352e-298,"chr9-131843128-131843389","T1_MBC_to_prePB","MBC","prePB","opening",TRUE
2.34218010265642e-303,4.83628213756775,0.73,0.024,7.24368382528655e-298,"chr6-32163474-32163771","T1_MBC_to_prePB","MBC","prePB","opening",TRUE
4.16492532374325e-302,6.09626464965597,0.681,0.009,1.2880906197994e-296,"chr5-148930968-148931251","T1_MBC_to_prePB","MBC","prePB","opening",TRUE
1.89762990109087e-299,6.52514462031247,0.672,0.007,5.86881897140275e-294,"chr14-102414377-102414893","T1_MBC_to_prePB","MBC","prePB","opening",TRUE
1.74630103422049e-298,6.31694433670969,0.662,0.007,5.40080267154405e-293,"chr19-58912675-58912928","T1_MBC_to_prePB","MBC","prePB","opening",TRUE
5.15131757979785e-297,6.52826087603185,0.661,0.006,1.59315313922166e-291,"chr12-120524973-120525238","T1_MBC_to_prePB","MBC","prePB","opening",TRUE
6.17272149345184e-297,6.65950322144019,0.661,0.005,1.90904374900134e-291,"chr5-141348500-141348804","T1_MBC_to_prePB","MBC","prePB","opening",TRUE
1.66806709506878e-296,6.87782724664205,0.651,0.004,5.15884778559018e-291,"chr19-14640269-14640536","T1_MBC_to_prePB","MBC","prePB","opening",TRUE
2.20329031739069e-296,6.606716622572,0.656,0.006,6.81413799749735e-291,"chr16-89556938-89557234","T1_MBC_to_prePB","MBC","prePB","opening",TRUE
8.34314087508279e-295,6.83823175279019,0.665,0.005,2.58029152157773e-289,"chr15-93447460-93447716","T1_MBC_to_prePB","MBC","prePB","opening",TRUE
9.49156087399459e-295,6.85144889849486,0.67,0.005,2.93546452306118e-289,"chr7-100136494-100136788","T1_MBC_to_prePB","MBC","prePB","opening",TRUE
1.90571395294894e-294,7.55344982889569,0.656,0.003,5.89382059942473e-289,"chr15-43802965-43803248","T1_MBC_to_prePB","MBC","prePB","opening",TRUE
1.9229704572227e-293,6.51797470390514,0.657,0.006,5.94718996275723e-288,"chr17-43394424-43394935","T1_MBC_to_prePB","MBC","prePB","opening",TRUE
2.23694043601474e-292,5.29627684462335,0.694,0.018,6.91820805586715e-287,"chr10-14879830-14880335","T1_MBC_to_prePB","MBC","prePB","opening",TRUE
2.33089291896197e-292,4.95013219953737,0.688,0.021,7.20877583940288e-287,"chr16-29984939-29985204","T1_MBC_to_prePB","MBC","prePB","opening",TRUE
3.77012112371829e-292,6.66863078097078,0.615,0.006,1.16598913005348e-286,"chr17-79849458-79849714","T1_MBC_to_prePB","MBC","prePB","opening",TRUE
7.24621438602504e-292,6.41307340600599,0.647,0.007,2.24104396938035e-286,"chr6-33385975-33386231","T1_MBC_to_prePB","MBC","prePB","opening",TRUE
2.70488854655546e-291,7.05793430079996,0.661,0.004,8.36543585681754e-286,"chr17-7835307-7835569","T1_MBC_to_prePB","MBC","prePB","opening",TRUE
7.37397778983394e-291,6.14948222263146,0.665,0.009,2.28055748503973e-285,"chr18-61089693-61089964","T1_MBC_to_prePB","MBC","prePB","opening",TRUE
8.50973930859653e-291,6.72513727794063,0.645,0.006,2.63181558570896e-285,"chr21-45759148-45759410","T1_MBC_to_prePB","MBC","prePB","opening",TRUE
3.89518128305572e-290,5.93987211163219,0.661,0.01,1.20466661059193e-284,"chr14-77564319-77564599","T1_MBC_to_prePB","MBC","prePB","opening",TRUE
7.54518135561984e-290,5.11926187566235,0.693,0.018,2.3335057830339e-284,"chr3-136471267-136471527","T1_MBC_to_prePB","MBC","prePB","opening",TRUE
9.85850215473516e-290,7.21531226612046,0.642,0.004,3.0489488198971e-284,"chr8-130952000-130952274","T1_MBC_to_prePB","MBC","prePB","opening",TRUE
1.500127514361e-289,3.75557824264181,0.766,0.057,4.6394593649394e-284,"chr9-139981207-139981498","T1_MBC_to_prePB","MBC","prePB","opening",TRUE
1.92252167311909e-289,4.85997298140063,0.725,0.025,5.94580200367215e-284,"chr19-4968769-4969031","T1_MBC_to_prePB","MBC","prePB","opening",TRUE
2.4275731260347e-289,6.11816703257243,0.668,0.008,7.50777968261876e-284,"chr4-128886296-128886559","T1_MBC_to_prePB","MBC","prePB","opening",TRUE
3.91829945896703e-289,7.21253487342265,0.648,0.003,1.21181639197419e-283,"chr22-42486898-42487157","T1_MBC_to_prePB","MBC","prePB","opening",TRUE
2.46078313675506e-288,5.30927504115854,0.683,0.017,7.61048861487376e-283,"chr21-44313216-44313477","T1_MBC_to_prePB","MBC","prePB","opening",TRUE
3.35942475365078e-288,5.72027706517185,0.679,0.013,1.03897265298633e-282,"chr4-129209128-129209424","T1_MBC_to_prePB","MBC","prePB","opening",TRUE
1.41401772382386e-287,5.2175835967313,0.686,0.017,4.37314675464728e-282,"chr19-5622787-5623122","T1_MBC_to_prePB","MBC","prePB","opening",TRUE
3.38982835329884e-287,5.8007184618578,0.663,0.011,1.04837560465309e-281,"chr4-926041-926307","T1_MBC_to_prePB","MBC","prePB","opening",TRUE
1.08960671969997e-286,8.13072587981984,0.622,0.002,3.36983759808329e-281,"chr22-41682221-41682485","T1_MBC_to_prePB","MBC","prePB","opening",TRUE
1.90654739577179e-286,5.10814523993111,0.694,0.019,5.89639819637737e-281,"chr20-49347569-49347832","T1_MBC_to_prePB","MBC","prePB","opening",TRUE
2.28148629642231e-286,7.27422769111387,0.642,0.003,7.05597548380825e-281,"chr15-59042007-59042272","T1_MBC_to_prePB","MBC","prePB","opening",TRUE
2.83685539854639e-285,6.79396651317814,0.645,0.005,8.7735710596384e-280,"chr6-136610909-136611184","T1_MBC_to_prePB","MBC","prePB","opening",TRUE
4.59765582752916e-285,7.61893368138247,0.64,0.003,1.42192161543577e-279,"chr8-48873269-48873542","T1_MBC_to_prePB","MBC","prePB","opening",TRUE
5.82910964852435e-285,5.36445885556777,0.68,0.016,1.80277457010877e-279,"chr14-74959985-74960567","T1_MBC_to_prePB","MBC","prePB","opening",TRUE
1.2794427608545e-283,6.97374998683508,0.649,0.004,3.95694542092232e-278,"chr22-24181109-24181401","T1_MBC_to_prePB","MBC","prePB","opening",TRUE
3.63774323177509e-283,6.42666481042354,0.668,0.007,1.12504848703431e-277,"chr3-197686898-197687159","T1_MBC_to_prePB","MBC","prePB","opening",TRUE
4.73803194096986e-283,6.24862177415645,0.669,0.008,1.46533587641569e-277,"chr8-64080900-64081437","T1_MBC_to_prePB","MBC","prePB","opening",TRUE
6.3852632564967e-283,6.07011522858942,0.663,0.009,1.97477675259999e-277,"chr7-73668680-73668969","T1_MBC_to_prePB","MBC","prePB","opening",TRUE
9.17318168983013e-283,7.29995969124097,0.628,0.003,2.83699907439545e-277,"chr5-139781172-139781432","T1_MBC_to_prePB","MBC","prePB","opening",TRUE
1.6383109788345e-282,6.74684032998597,0.658,0.005,5.06682074735124e-277,"chr3-183903689-183903944","T1_MBC_to_prePB","MBC","prePB","opening",TRUE
1.74494492306005e-282,4.43387054483998,0.733,0.034,5.39660861299706e-277,"chr11-189927-190205","T1_MBC_to_prePB","MBC","prePB","opening",TRUE
4.87281063771979e-282,7.07115806613608,0.612,0.004,1.50701901873824e-276,"chr5-128430025-128430532","T1_MBC_to_prePB","MBC","prePB","opening",TRUE
4.93987631312551e-282,5.19034150035502,0.684,0.016,1.52776048723664e-276,"chr20-35233894-35234179","T1_MBC_to_prePB","MBC","prePB","opening",TRUE
6.07936600135909e-282,6.88673464895449,0.64,0.004,1.88017160260633e-276,"chr2-192542633-192542920","T1_MBC_to_prePB","MBC","prePB","opening",TRUE
1.02888041566404e-281,6.47323332274976,0.633,0.006,3.18202875032834e-276,"chr18-12377163-12377424","T1_MBC_to_prePB","MBC","prePB","opening",TRUE
1.13704524670862e-281,5.38743291269097,0.662,0.014,3.51655120494821e-276,"chr14-93260399-93260683","T1_MBC_to_prePB","MBC","prePB","opening",TRUE
1.26657061318982e-281,6.53136978734947,0.684,0.007,3.91713560111829e-276,"chr9-66458283-66458566","T1_MBC_to_prePB","MBC","prePB","opening",TRUE
4.66881181390771e-281,5.37311435568523,0.653,0.015,1.44392809849905e-275,"chr14-105957378-105957667","T1_MBC_to_prePB","MBC","prePB","opening",TRUE
5.34428050892391e-281,5.73592904457796,0.678,0.013,1.65283097727541e-275,"chr19-16770717-16771237","T1_MBC_to_prePB","MBC","prePB","opening",TRUE
9.2877121108361e-280,6.94555385510428,0.645,0.005,2.87242001223039e-274,"chr6-86388463-86388794","T1_MBC_to_prePB","MBC","prePB","opening",TRUE
1.11189377049936e-279,7.01126381066548,0.633,0.005,3.43876498296106e-274,"chr3-119182395-119182674","T1_MBC_to_prePB","MBC","prePB","opening",TRUE
1.57899345299795e-279,6.3737400344803,0.662,0.007,4.88336884202128e-274,"chr3-17784098-17784358","T1_MBC_to_prePB","MBC","prePB","opening",TRUE
2.65703558837472e-279,5.57679220153077,0.663,0.012,8.2174405345224e-274,"chr8-57123906-57124481","T1_MBC_to_prePB","MBC","prePB","opening",TRUE
5.50952340332141e-279,6.09542497792236,0.652,0.008,1.70393581246862e-273,"chr2-122494318-122494854","T1_MBC_to_prePB","MBC","prePB","opening",TRUE
6.02174620232914e-279,6.87192333039616,0.632,0.005,1.86235146974053e-273,"chr12-120105498-120105781","T1_MBC_to_prePB","MBC","prePB","opening",TRUE
2.25261238120043e-278,5.22706597611753,0.656,0.015,6.96667683746237e-273,"chr13-31191790-31192073","T1_MBC_to_prePB","MBC","prePB","opening",TRUE
3.95255578316982e-278,6.50195793657074,0.618,0.006,1.22241087961671e-272,"chr7-44121862-44122654","T1_MBC_to_prePB","MBC","prePB","opening",TRUE
6.8672403090661e-278,6.48217832885858,0.67,0.007,2.12383827762518e-272,"chr11-45868682-45869194","T1_MBC_to_prePB","MBC","prePB","opening",TRUE
1.33898660411229e-277,7.20650022129458,0.639,0.004,4.14109726040413e-272,"chr4-775627-775898","T1_MBC_to_prePB","MBC","prePB","opening",TRUE
1.85325596129954e-277,5.02139497817483,0.68,0.019,5.73158324407069e-272,"chr17-1419924-1420207","T1_MBC_to_prePB","MBC","prePB","opening",TRUE
3.10978973475301e-277,6.76257351408922,0.644,0.005,9.61767781056798e-272,"chr19-48018531-48018788","T1_MBC_to_prePB","MBC","prePB","opening",TRUE
3.5868466272073e-277,7.0935736515307,0.65,0.004,1.10930764324303e-271,"chr18-56806733-56807215","T1_MBC_to_prePB","MBC","prePB","opening",TRUE
3.92297970737718e-277,6.957108797966,0.631,0.004,1.21326385708025e-271,"chr12-90103227-90103575","T1_MBC_to_prePB","MBC","prePB","opening",TRUE
5.45502537198039e-277,6.33561644376585,0.625,0.007,1.68708115181775e-271,"chr6-33359158-33359435","T1_MBC_to_prePB","MBC","prePB","opening",TRUE
8.95661388504065e-277,5.34548474372321,0.669,0.015,2.77002093284041e-271,"chr17-74261062-74261322","T1_MBC_to_prePB","MBC","prePB","opening",TRUE
1.28661383551362e-276,7.17182372520153,0.449,0.003,3.97912347523134e-271,"chr8-70602290-70602546","T1_MBC_to_prePB","MBC","prePB","opening",TRUE
1.99667634961603e-275,6.76040058959457,0.614,0.004,6.175140913221e-270,"chr18-72163318-72163610","T1_MBC_to_prePB","MBC","prePB","opening",TRUE
1.00423847009502e-274,4.99851882420033,0.683,0.018,3.10581835884758e-269,"chr8-126010532-126010813","T1_MBC_to_prePB","MBC","prePB","opening",TRUE
1.34893336801599e-274,5.31575495044363,0.683,0.014,4.17185971659674e-269,"chr9-116163521-116163811","T1_MBC_to_prePB","MBC","prePB","opening",TRUE
1.06958049737853e-273,6.91790947440262,0.638,0.004,3.30790230004757e-268,"chr6-30539026-30539288","T1_MBC_to_prePB","MBC","prePB","opening",TRUE
1.13318733059394e-273,12.3512340501737,0.595,0,3.50461978920117e-268,"chr3-196669327-196669591","T1_MBC_to_prePB","MBC","prePB","opening",TRUE
2.14776022889414e-273,6.11340918350783,0.63,0.008,6.64239953750319e-268,"chr10-74856609-74856869","T1_MBC_to_prePB","MBC","prePB","opening",TRUE
2.38324019265192e-273,5.96811323689027,0.663,0.011,7.37067077621652e-268,"chr4-2965051-2965310","T1_MBC_to_prePB","MBC","prePB","opening",TRUE
2.64071853303739e-273,7.11456522407546,0.631,0.004,8.16697661431006e-268,"chr9-33290336-33290591","T1_MBC_to_prePB","MBC","prePB","opening",TRUE
2.78180731305319e-273,7.12538952150126,0.635,0.003,8.60332329515273e-268,"chr2-113403180-113403460","T1_MBC_to_prePB","MBC","prePB","opening",TRUE
3.43457685598519e-272,6.87179860414743,0.616,0.004,1.0622150188274e-266,"chr16-81129976-81130248","T1_MBC_to_prePB","MBC","prePB","opening",TRUE
4.25211434252992e-272,4.71471289799656,0.718,0.027,1.31505565482857e-266,"chr17-81009525-81010039","T1_MBC_to_prePB","MBC","prePB","opening",TRUE
5.59266324858609e-272,6.4988912398541,0.63,0.006,1.72964855555347e-266,"chr2-239197406-239197669","T1_MBC_to_prePB","MBC","prePB","opening",TRUE
7.75317748528503e-272,7.08020391888004,0.64,0.004,2.39783295405159e-266,"chr2-198380567-198380820","T1_MBC_to_prePB","MBC","prePB","opening",TRUE
1.24993208723935e-271,7.81089999861193,0.624,0.002,3.86567746552602e-266,"chr15-80216013-80216312","T1_MBC_to_prePB","MBC","prePB","opening",TRUE
1.32838367807804e-271,6.76159753428061,0.629,0.006,4.10830548502872e-266,"chr17-18218136-18218686","T1_MBC_to_prePB","MBC","prePB","opening",TRUE
2.37898504203167e-271,5.96704298099537,0.657,0.01,7.35751082934177e-266,"chr2-238969374-238969687","T1_MBC_to_prePB","MBC","prePB","opening",TRUE
2.7118101515636e-271,12.682584807161,0.605,0,8.38684237384227e-266,"chr10-131908652-131909083","T1_MBC_to_prePB","MBC","prePB","opening",TRUE
3.15415683384919e-271,6.18151754140558,0.646,0.008,9.75489238161372e-266,"chr14-100842600-100842862","T1_MBC_to_prePB","MBC","prePB","opening",TRUE
9.09540583743324e-271,5.9895741099474,0.632,0.009,2.81294525874882e-265,"chr6-151773216-151773488","T1_MBC_to_prePB","MBC","prePB","opening",TRUE
2.11771557187379e-270,6.18358875854212,0.619,0.008,6.5494801262898e-265,"chr19-36422361-36422619","T1_MBC_to_prePB","MBC","prePB","opening",TRUE
4.41717657538369e-270,5.81038274235433,0.664,0.01,1.36610461664549e-264,"chr3-49761321-49761604","T1_MBC_to_prePB","MBC","prePB","opening",TRUE
5.53142102488688e-270,6.84279943821851,0.612,0.004,1.71070811178779e-264,"chr7-36192591-36192859","T1_MBC_to_prePB","MBC","prePB","opening",TRUE
1.59872520178084e-269,5.72659197980355,0.641,0.011,4.94439341879962e-264,"chr19-5978081-5978346","T1_MBC_to_prePB","MBC","prePB","opening",TRUE
2.11364333037027e-269,7.01033280787306,0.607,0.004,6.53688586426943e-264,"chr12-53399925-53400185","T1_MBC_to_prePB","MBC","prePB","opening",TRUE
3.57315581206175e-269,5.87143512964664,0.645,0.01,1.10507347115215e-263,"chr15-64455341-64455610","T1_MBC_to_prePB","MBC","prePB","opening",TRUE
4.56704501346372e-269,6.23041803166301,0.614,0.006,1.41245457835894e-263,"chr17-39845465-39845745","T1_MBC_to_prePB","MBC","prePB","opening",TRUE
2.98112651214296e-268,6.41553774222052,0.638,0.006,9.21975977536964e-263,"chr12-50561123-50561402","T1_MBC_to_prePB","MBC","prePB","opening",TRUE
5.04101104284243e-268,4.3647310691043,0.7,0.033,1.55903852623092e-262,"chr17-79980546-79981076","T1_MBC_to_prePB","MBC","prePB","opening",TRUE
7.76475569015438e-268,12.3706253610783,0.591,0,2.40141375704974e-262,"chr12-110939839-110940099","T1_MBC_to_prePB","MBC","prePB","opening",TRUE
9.75193141927685e-268,6.89782403187065,0.619,0.005,3.01598958197117e-262,"chr2-227700546-227701039","T1_MBC_to_prePB","MBC","prePB","opening",TRUE
1.29654023376101e-267,5.70811793261269,0.628,0.011,4.00982294635502e-262,"chrX-347751-348113","T1_MBC_to_prePB","MBC","prePB","opening",TRUE
1.4576177098588e-267,5.63146204576602,0.648,0.011,4.5079888674574e-262,"chr7-66093769-66094063","T1_MBC_to_prePB","MBC","prePB","opening",TRUE
2.34011492297298e-267,6.55458151610313,0.633,0.006,7.23729682342777e-262,"chr5-32313036-32313318","T1_MBC_to_prePB","MBC","prePB","opening",TRUE
3.18625587275439e-267,6.52587087949294,0.632,0.007,9.85416540022622e-262,"chr4-120987919-120988206","T1_MBC_to_prePB","MBC","prePB","opening",TRUE
3.39174210513299e-267,7.31327970388426,0.602,0.003,1.04896747259659e-261,"chr4-73935295-73935561","T1_MBC_to_prePB","MBC","prePB","opening",TRUE
8.04153886630591e-267,6.02156272544124,0.638,0.009,2.4870147667213e-261,"chr4-2243768-2244028","T1_MBC_to_prePB","MBC","prePB","opening",TRUE
9.42850852353726e-267,4.95224764920951,0.677,0.02,2.91596425958289e-261,"chr11-63706118-63706385","T1_MBC_to_prePB","MBC","prePB","opening",TRUE
1.00991194274511e-266,5.21201342736345,0.679,0.015,3.12336476444723e-261,"chr2-171785515-171785795","T1_MBC_to_prePB","MBC","prePB","opening",TRUE
1.10655458600653e-266,5.40868308564043,0.649,0.014,3.42225243368825e-261,"chr6-155635607-155635864","T1_MBC_to_prePB","MBC","prePB","opening",TRUE
2.17110958210782e-266,6.84712570074735,0.642,0.005,6.71461231568068e-261,"chr14-103851615-103851868","T1_MBC_to_prePB","MBC","prePB","opening",TRUE
5.79141948264906e-266,4.47721699517046,0.701,0.03,1.79111809481836e-260,"chr19-10679599-10679972","T1_MBC_to_prePB","MBC","prePB","opening",TRUE
3.943702987462e-265,6.70460773029661,0.62,0.005,1.21967296663536e-259,"chr9-130533382-130533806","T1_MBC_to_prePB","MBC","prePB","opening",TRUE
4.59739721342253e-265,7.29650915193257,0.629,0.004,1.4218416335924e-259,"chr4-185655190-185655544","T1_MBC_to_prePB","MBC","prePB","opening",TRUE
5.14124113607634e-265,6.3070702283088,0.629,0.007,1.59003678739547e-259,"chr3-20227661-20227942","T1_MBC_to_prePB","MBC","prePB","opening",TRUE
1.26517122893072e-264,7.07546286243309,0.604,0.004,3.91280771142633e-259,"chr5-133984194-133984470","T1_MBC_to_prePB","MBC","prePB","opening",TRUE
1.53742723548995e-264,4.88382184144852,0.687,0.023,4.75481658547213e-259,"chr12-112450808-112451337","T1_MBC_to_prePB","MBC","prePB","opening",TRUE
2.13105239299748e-264,7.1695815164032,0.605,0.003,6.59072704634723e-259,"chr16-81040808-81041084","T1_MBC_to_prePB","MBC","prePB","opening",TRUE
2.13196166394341e-264,7.38999912050114,0.595,0.003,6.59353915769442e-259,"chr13-50510492-50510764","T1_MBC_to_prePB","MBC","prePB","opening",TRUE
1.19625387822301e-263,5.98457822128697,0.629,0.008,3.6996663317191e-258,"chr7-142985273-142985541","T1_MBC_to_prePB","MBC","prePB","opening",TRUE
2.08969189407191e-263,6.6633013332649,0.617,0.005,6.46281101771514e-258,"chr11-2421529-2421947","T1_MBC_to_prePB","MBC","prePB","opening",TRUE
2.41203596479075e-263,6.74070002487574,0.608,0.005,7.459727748668e-258,"chr13-49106783-49107048","T1_MBC_to_prePB","MBC","prePB","opening",TRUE
2.91411371815925e-263,5.25619100832787,0.642,0.014,9.01250863728828e-258,"chr16-4303800-4304125","T1_MBC_to_prePB","MBC","prePB","opening",TRUE
2.14142374968289e-262,5.65537706205742,0.647,0.012,6.62280264488178e-257,"chr2-232526952-232527269","T1_MBC_to_prePB","MBC","prePB","opening",TRUE
2.68299742413756e-262,5.63412721452296,0.648,0.012,8.29773296360448e-257,"chr3-15643220-15643492","T1_MBC_to_prePB","MBC","prePB","opening",TRUE
4.1722593215844e-262,7.08421827520222,0.616,0.003,1.29035881264573e-256,"chr13-45915277-45915545","T1_MBC_to_prePB","MBC","prePB","opening",TRUE
8.61357592344353e-262,6.45328538114183,0.636,0.006,2.6639292394193e-256,"chr16-27561172-27561446","T1_MBC_to_prePB","MBC","prePB","opening",TRUE
9.59323640439044e-262,6.17336708447692,0.635,0.008,2.96690981602224e-256,"chr16-57278809-57279153","T1_MBC_to_prePB","MBC","prePB","opening",TRUE
1.11458613728365e-261,6.43461222363989,0.609,0.005,3.44709169263851e-256,"chr19-51014439-51014729","T1_MBC_to_prePB","MBC","prePB","opening",TRUE
2.64268020853265e-261,6.46707251482476,0.626,0.006,8.173043507731e-256,"chr5-112312065-112312635","T1_MBC_to_prePB","MBC","prePB","opening",TRUE
4.2938067644266e-261,4.91077599002272,0.656,0.02,1.32794991184098e-255,"chr11-65337574-65337833","T1_MBC_to_prePB","MBC","prePB","opening",TRUE
5.37142771837253e-261,6.68583334923983,0.618,0.006,1.66122682188879e-255,"chr11-64085442-64085704","T1_MBC_to_prePB","MBC","prePB","opening",TRUE
7.92806661284769e-261,6.38059056971794,0.609,0.006,2.45192108942202e-255,"chr3-167813513-167813842","T1_MBC_to_prePB","MBC","prePB","opening",TRUE
8.45462558931461e-261,7.1567606828456,0.609,0.004,2.61477051063292e-255,"chr20-47894707-47894995","T1_MBC_to_prePB","MBC","prePB","opening",TRUE
5.74635608346275e-260,7.15967465966119,0.615,0.004,1.77718129228861e-254,"chr3-40350959-40351228","T1_MBC_to_prePB","MBC","prePB","opening",TRUE
6.6502863868164e-260,12.2621794617213,0.574,0,2.05674072113709e-254,"chr2-232378951-232379332","T1_MBC_to_prePB","MBC","prePB","opening",TRUE
1.087332576199e-259,4.55546610878527,0.677,0.026,3.36280433173642e-254,"chr2-120517166-120517680","T1_MBC_to_prePB","MBC","prePB","opening",TRUE
1.93626643814238e-259,5.34135753790379,0.654,0.013,5.98831057590733e-254,"chr12-121124614-121124880","T1_MBC_to_prePB","MBC","prePB","opening",TRUE
1.9818292541679e-259,6.86045401342476,0.622,0.004,6.12922315265759e-254,"chr15-89877991-89878321","T1_MBC_to_prePB","MBC","prePB","opening",TRUE
2.12085467798372e-259,6.03547788830332,0.624,0.009,6.55918847114703e-254,"chr12-95611202-95611475","T1_MBC_to_prePB","MBC","prePB","opening",TRUE
2.15769290337744e-259,5.75881654532359,0.641,0.01,6.67311841920444e-254,"chr18-47807912-47808187","T1_MBC_to_prePB","MBC","prePB","opening",TRUE
5.46090458931118e-259,7.48837376726748,0.6,0.003,1.68889942324086e-253,"chr14-24583933-24584209","T1_MBC_to_prePB","MBC","prePB","opening",TRUE
7.32319674377698e-259,5.80928192187819,0.633,0.01,2.26485238014465e-253,"chr17-27229990-27230264","T1_MBC_to_prePB","MBC","prePB","opening",TRUE
1.35773956205594e-258,6.57384742422632,0.607,0.006,4.19909472096603e-253,"chr16-14013738-14014000","T1_MBC_to_prePB","MBC","prePB","opening",TRUE
1.50580681308599e-258,4.5565097766959,0.667,0.025,4.65702378889918e-253,"chr18-9475231-9475521","T1_MBC_to_prePB","MBC","prePB","opening",TRUE
1.79305369276664e-258,12.1607238606325,0.575,0,5.5453950861563e-253,"chr12-109125105-109125650","T1_MBC_to_prePB","MBC","prePB","opening",TRUE
1.88897570027107e-258,7.09355643067997,0.589,0.004,5.84205403798534e-253,"chr4-152020537-152020898","T1_MBC_to_prePB","MBC","prePB","opening",TRUE
2.23733781989396e-258,6.53683985865429,0.634,0.006,6.91943704896424e-253,"chr6-135818759-135819030","T1_MBC_to_prePB","MBC","prePB","opening",TRUE
3.52765598954433e-258,4.4137611720422,0.667,0.027,1.09100169554236e-252,"chr19-14228616-14228881","T1_MBC_to_prePB","MBC","prePB","opening",TRUE
3.64006628868346e-258,6.64589802637428,0.627,0.005,1.12576694116742e-252,"chr19-3762696-3763017","T1_MBC_to_prePB","MBC","prePB","opening",TRUE
1.09791363824401e-257,4.80038915806199,0.686,0.023,3.39552848813362e-252,"chr5-89825287-89825816","T1_MBC_to_prePB","MBC","prePB","opening",TRUE
0,13.3566178585611,0.834,0,0,"chr5-71146726-71146978","T2_prePB_to_PB","prePB","PB","opening",TRUE
0,13.252023515794,0.461,0,0,"chr11-6256197-6256447","T2_prePB_to_PB","prePB","PB","opening",TRUE
0,13.1705803378972,0.522,0,0,"chr19-56165753-56166174","T2_prePB_to_PB","prePB","PB","opening",TRUE
0,13.1613970834963,0.424,0,0,"chr4-42658961-42659211","T2_prePB_to_PB","prePB","PB","opening",TRUE
0,13.1388195466433,0.412,0,0,"chr14-67826884-67827146","T2_prePB_to_PB","prePB","PB","opening",TRUE
0,13.1130986158226,0.395,0,0,"chr19-48972508-48972758","T2_prePB_to_PB","prePB","PB","opening",TRUE
0,12.9159084112358,0.498,0,0,"chr19-5904712-5904968","T2_prePB_to_PB","prePB","PB","opening",TRUE
0,12.9049984030492,0.319,0,0,"chr17-73975618-73975868","T2_prePB_to_PB","prePB","PB","opening",TRUE
0,12.8827847816845,0.432,0,0,"chr14-96001198-96001451","T2_prePB_to_PB","prePB","PB","opening",TRUE
0,12.8625005256907,0.324,0,0,"chr20-42086760-42087031","T2_prePB_to_PB","prePB","PB","opening",TRUE
0,12.8545735181701,0.416,0,0,"chr16-2205179-2205531","T2_prePB_to_PB","prePB","PB","opening",TRUE
0,12.793446868082,0.492,0,0,"chr3-119813135-119813606","T2_prePB_to_PB","prePB","PB","opening",TRUE
0,12.7908666769052,0.433,0,0,"chr9-6681033-6681315","T2_prePB_to_PB","prePB","PB","opening",TRUE
0,12.7182449779176,0.358,0,0,"chr9-102861123-102861418","T2_prePB_to_PB","prePB","PB","opening",TRUE
0,12.6890026010342,0.367,0,0,"chr19-41256335-41256610","T2_prePB_to_PB","prePB","PB","opening",TRUE
0,12.6817541932332,0.384,0,0,"chr13-49550447-49550701","T2_prePB_to_PB","prePB","PB","opening",TRUE
0,12.6743850935976,0.43,0,0,"chr6-33385656-33385937","T2_prePB_to_PB","prePB","PB","opening",TRUE
0,12.6611189245434,0.332,0,0,"chr19-51611450-51611701","T2_prePB_to_PB","prePB","PB","opening",TRUE
0,12.6573831048527,0.362,0,0,"chr14-23790499-23790766","T2_prePB_to_PB","prePB","PB","opening",TRUE
0,12.64845008531,0.357,0,0,"chr12-58165977-58166231","T2_prePB_to_PB","prePB","PB","opening",TRUE
0,12.647628811297,0.376,0,0,"chr10-76586309-76586580","T2_prePB_to_PB","prePB","PB","opening",TRUE
0,12.618711121863,0.369,0,0,"chr17-2305030-2305303","T2_prePB_to_PB","prePB","PB","opening",TRUE
0,12.6132816026064,0.338,0,0,"chr3-52017250-52017520","T2_prePB_to_PB","prePB","PB","opening",TRUE
0,12.6049061742673,0.311,0,0,"chr10-101380136-101380391","T2_prePB_to_PB","prePB","PB","opening",TRUE
0,12.6026931004915,0.33,0,0,"chr17-61851327-61851593","T2_prePB_to_PB","prePB","PB","opening",TRUE
0,12.6006764251983,0.345,0,0,"chr6-32812522-32812786","T2_prePB_to_PB","prePB","PB","opening",TRUE
0,12.5984724285846,0.333,0,0,"chr22-42342621-42342874","T2_prePB_to_PB","prePB","PB","opening",TRUE
0,12.5859503977801,0.306,0,0,"chr7-26438170-26438430","T2_prePB_to_PB","prePB","PB","opening",TRUE
0,12.5715064143338,0.369,0,0,"chr19-14247978-14248249","T2_prePB_to_PB","prePB","PB","opening",TRUE
0,12.5542395687431,0.337,0,0,"chr20-2083011-2083277","T2_prePB_to_PB","prePB","PB","opening",TRUE
0,12.5471941663924,0.379,0,0,"chr11-67056350-67056625","T2_prePB_to_PB","prePB","PB","opening",TRUE
0,12.5401404013575,0.349,0,0,"chr2-44395013-44395269","T2_prePB_to_PB","prePB","PB","opening",TRUE
0,12.5360914175588,0.322,0,0,"chr20-32031496-32031753","T2_prePB_to_PB","prePB","PB","opening",TRUE
0,12.5331717700705,0.479,0,0,"chr19-14639998-14640267","T2_prePB_to_PB","prePB","PB","opening",TRUE
0,12.4025904691597,0.367,0,0,"chr2-70528984-70529313","T2_prePB_to_PB","prePB","PB","opening",TRUE
0,12.3566225955375,0.339,0,0,"chr2-101179035-101179320","T2_prePB_to_PB","prePB","PB","opening",TRUE
0,12.2442502953348,0.369,0,0,"chr10-104677501-104677796","T2_prePB_to_PB","prePB","PB","opening",TRUE
0,12.2352929701792,0.335,0,0,"chr3-185655099-185655569","T2_prePB_to_PB","prePB","PB","opening",TRUE
0,12.1395764444768,0.311,0,0,"chr5-98264842-98265143","T2_prePB_to_PB","prePB","PB","opening",TRUE
4.44659081257122e-323,12.13458869081,0.304,0,1.37520158719471e-317,"chr11-124981281-124981550","T2_prePB_to_PB","prePB","PB","opening",TRUE
1.53160350210786e-322,12.4098070213157,0.308,0,4.73680546700401e-317,"chr17-73851412-73851691","T2_prePB_to_PB","prePB","PB","opening",TRUE
3.35964639172048e-322,2.81233961862299,0.494,0.11,1.03904119921378e-316,"chr8-95835077-95835605","T2_prePB_to_PB","prePB","PB","opening",TRUE
6.23016779405812e-321,12.5999106558182,0.304,0,1.92681022383615e-315,"chr16-28961802-28962076","T2_prePB_to_PB","prePB","PB","opening",TRUE
2.7907884473538e-305,12.7709384482659,0.282,0,8.63109933901557e-300,"chr6-107780454-107780704","T2_prePB_to_PB","prePB","PB","opening",TRUE
1.01496703699276e-304,12.3569697610032,0.283,0,3.13899870497789e-299,"chr1-236029841-236030233","T2_prePB_to_PB","prePB","PB","opening",TRUE
1.21187350053246e-304,12.4520209237683,0.28,0,3.74797329383175e-299,"chr2-74782251-74782505","T2_prePB_to_PB","prePB","PB","opening",TRUE
2.78466298786134e-301,12.6071378144076,0.33,0,8.61215506918866e-296,"chr12-38543734-38543994","T2_prePB_to_PB","prePB","PB","opening",TRUE
2.91086289486643e-301,12.3736603779509,0.273,0,9.00245478358234e-296,"chr19-13973084-13973336","T2_prePB_to_PB","prePB","PB","opening",TRUE
8.13210343358232e-297,12.3917973600116,0.281,0,2.51502376100744e-291,"chr22-19434819-19435093","T2_prePB_to_PB","prePB","PB","opening",TRUE
2.15992378830604e-294,12.7474322721348,0.274,0,6.68001789933197e-289,"chr4-1161568-1161818","T2_prePB_to_PB","prePB","PB","opening",TRUE
3.10020301726926e-292,12.347632280146,0.282,0,9.58802887353881e-287,"chr19-36239141-36239398","T2_prePB_to_PB","prePB","PB","opening",TRUE
2.58159495459786e-291,12.3844203883851,0.271,0,7.98412453203433e-286,"chr17-16342287-16342586","T2_prePB_to_PB","prePB","PB","opening",TRUE
1.36999455019859e-286,12.395901515778,0.275,0,4.23699584534467e-281,"chr11-65658186-65658484","T2_prePB_to_PB","prePB","PB","opening",TRUE
1.72393942585434e-286,12.4966542657112,0.275,0,5.33164470173397e-281,"chr2-74685452-74685719","T2_prePB_to_PB","prePB","PB","opening",TRUE
1.92784690776954e-286,12.4145867213537,0.261,0,5.96227141012795e-281,"chr6-41888592-41888844","T2_prePB_to_PB","prePB","PB","opening",TRUE
8.71405001760953e-279,12.3908426649446,0.265,0,2.69500296299612e-273,"chr6-53659200-53659466","T2_prePB_to_PB","prePB","PB","opening",TRUE
5.40640255962181e-278,12.7656409526089,0.27,0,1.6720435260168e-272,"chr11-28129454-28129704","T2_prePB_to_PB","prePB","PB","opening",TRUE
1.71143860992731e-276,12.2672950498945,0.27,0,5.29298330330828e-271,"chr15-31508083-31508343","T2_prePB_to_PB","prePB","PB","opening",TRUE
2.99319615376941e-273,12.6256641468787,0.249,0,9.2570876767242e-268,"chr19-10514571-10515011","T2_prePB_to_PB","prePB","PB","opening",TRUE
2.21844261331021e-265,12.2695627981269,0.248,0,6.86099965461062e-260,"chr4-184643870-184644166","T2_prePB_to_PB","prePB","PB","opening",TRUE
8.30084140197368e-264,12.102661977235,0.248,0,2.5672095212298e-258,"chr17-79519336-79519663","T2_prePB_to_PB","prePB","PB","opening",TRUE
1.08597480635874e-263,12.3297989216377,0.242,0,3.35860514337373e-258,"chr1-179923495-179923745","T2_prePB_to_PB","prePB","PB","opening",TRUE
3.96869187846519e-262,11.7805314797956,0.25,0,1.22740130594481e-256,"chr12-104323603-104323861","T2_prePB_to_PB","prePB","PB","opening",TRUE
1.36234240243327e-260,12.150037784983,0.249,0,4.21332997142939e-255,"chr3-195634610-195634863","T2_prePB_to_PB","prePB","PB","opening",TRUE
1.71669483610063e-260,12.2221498495397,0.244,0,5.30923928655679e-255,"chr1-203619544-203619813","T2_prePB_to_PB","prePB","PB","opening",TRUE
3.36373388936867e-260,12.360231333657,0.253,0,1.04030534369894e-254,"chr13-98086269-98086532","T2_prePB_to_PB","prePB","PB","opening",TRUE
4.78758787430569e-258,12.2219150153062,0.239,0,1.4806620894744e-252,"chr11-67808030-67808303","T2_prePB_to_PB","prePB","PB","opening",TRUE
1.01899082632819e-256,12.4521991448944,0.249,0,3.15144311849345e-251,"chr22-31885837-31886107","T2_prePB_to_PB","prePB","PB","opening",TRUE
1.42963938150408e-255,12.1758617523064,0.236,0,4.42146001157148e-250,"chr21-36260807-36261076","T2_prePB_to_PB","prePB","PB","opening",TRUE
2.11337496542221e-254,11.9340512376231,0.232,0,6.53605588931093e-249,"chr10-32344767-32345045","T2_prePB_to_PB","prePB","PB","opening",TRUE
2.893287213996e-253,12.5988119291551,0.237,0,8.94809829959755e-248,"chr17-72745030-72745280","T2_prePB_to_PB","prePB","PB","opening",TRUE
1.60248482788734e-252,12.3034780693154,0.235,0,4.95602085205547e-247,"chr6-13574914-13575174","T2_prePB_to_PB","prePB","PB","opening",TRUE
2.19640730020696e-251,12.009521535478,0.243,0,6.79285082142308e-246,"chr9-27573254-27573534","T2_prePB_to_PB","prePB","PB","opening",TRUE
9.39157553749627e-249,12.3141949838862,0.234,0,2.90454195805701e-243,"chr5-137368026-137368423","T2_prePB_to_PB","prePB","PB","opening",TRUE
9.67043443004091e-249,11.9297939388186,0.255,0,2.99078492661318e-243,"chr16-89940292-89940556","T2_prePB_to_PB","prePB","PB","opening",TRUE
5.43304991239792e-243,12.2141997532404,0.229,0,1.68028477945722e-237,"chr1-101701821-101702135","T2_prePB_to_PB","prePB","PB","opening",TRUE
2.07849021822765e-238,12.6298388846351,0.233,0,6.42816748281484e-233,"chr19-40477029-40477279","T2_prePB_to_PB","prePB","PB","opening",TRUE
4.29687228600595e-238,12.2091915005688,0.227,0,1.32889798876535e-232,"chr20-2853296-2853551","T2_prePB_to_PB","prePB","PB","opening",TRUE
1.70517745467044e-237,12.5005848498591,0.215,0,5.27361936583382e-232,"chr4-103748225-103748475","T2_prePB_to_PB","prePB","PB","opening",TRUE
2.76642064862701e-236,11.9215033730873,0.225,0,8.55573680421523e-231,"chr2-232574109-232574616","T2_prePB_to_PB","prePB","PB","opening",TRUE
9.45396061254133e-236,12.5584328401374,0.225,0,2.92383585260127e-230,"chr6-53658948-53659198","T2_prePB_to_PB","prePB","PB","opening",TRUE
4.49981198556136e-235,12.5235218015552,0.219,0,1.39166135258655e-229,"chr14-73393515-73393796","T2_prePB_to_PB","prePB","PB","opening",TRUE
9.17865452923723e-235,12.1299417180007,0.224,0,2.83869166491173e-229,"chr1-151966188-151966540","T2_prePB_to_PB","prePB","PB","opening",TRUE
1.12391855314333e-231,12.5643600538738,0.221,0,3.47595414849191e-226,"chr16-85587073-85587323","T2_prePB_to_PB","prePB","PB","opening",TRUE
8.09599760983804e-231,12.2728223318343,0.215,0,2.50385727679222e-225,"chr5-1386484-1386743","T2_prePB_to_PB","prePB","PB","opening",TRUE
4.59300185720079e-229,12.2581713861027,0.212,0,1.42048227737835e-223,"chr1-46049942-46050317","T2_prePB_to_PB","prePB","PB","opening",TRUE
3.54195158789094e-221,12.2982389337156,0.22,0,1.09542290953862e-215,"chr3-57583446-57583713","T2_prePB_to_PB","prePB","PB","opening",TRUE
9.45853310525386e-221,12.0251264658905,0.209,0,2.92524999199497e-215,"chr15-85174364-85174625","T2_prePB_to_PB","prePB","PB","opening",TRUE
3.38056873596601e-219,12.2136455391631,0.207,0,1.04551187354094e-213,"chr5-33440659-33440939","T2_prePB_to_PB","prePB","PB","opening",TRUE
3.45790492787362e-217,11.9033852705978,0.209,0,1.0694297149484e-211,"chr22-19419215-19419499","T2_prePB_to_PB","prePB","PB","opening",TRUE
3.83256270429985e-215,12.2368691210245,0.205,0,1.18530050012152e-209,"chr6-32097864-32098136","T2_prePB_to_PB","prePB","PB","opening",TRUE
9.37652651057808e-212,12.1308406077583,0.206,0,2.89988773045299e-206,"chr6-53213146-53213427","T2_prePB_to_PB","prePB","PB","opening",TRUE
1.42127806124931e-209,12.2938899048797,0.205,0,4.39560087280636e-204,"chr7-100184206-100184485","T2_prePB_to_PB","prePB","PB","opening",TRUE
6.14785178061374e-209,12.0538481105622,0.19,0,1.90135226804219e-203,"chr20-34329570-34329822","T2_prePB_to_PB","prePB","PB","opening",TRUE
1.23995864074004e-207,11.5203894029259,0.193,0,3.83483248780312e-202,"chr11-72852903-72853167","T2_prePB_to_PB","prePB","PB","opening",TRUE
6.12546595088208e-207,12.1508335686957,0.197,0,1.89442898009525e-201,"chr22-29999070-29999321","T2_prePB_to_PB","prePB","PB","opening",TRUE
1.70636921936147e-206,12.2012362397304,0.201,0,5.27730514841141e-201,"chr15-35280593-35280854","T2_prePB_to_PB","prePB","PB","opening",TRUE
1.25467462844592e-203,12.4661049049715,0.199,0,3.88034477014097e-198,"chr19-57751641-57751891","T2_prePB_to_PB","prePB","PB","opening",TRUE
1.64016775827987e-202,12.0854574961846,0.195,0,5.07256322770975e-197,"chr10-75531933-75532352","T2_prePB_to_PB","prePB","PB","opening",TRUE
4.81488150642903e-201,1.57574349896694,0.521,0.288,1.48910321837481e-195,"chr17-27053347-27054158","T2_prePB_to_PB","prePB","PB","opening",TRUE
3.59714251084086e-200,12.4035824262692,0.19,0,1.11249186147026e-194,"chr7-17338585-17338835","T2_prePB_to_PB","prePB","PB","opening",TRUE
3.96355810801983e-200,12.183651728438,0.196,0,1.2258135796254e-194,"chr21-34144349-34144605","T2_prePB_to_PB","prePB","PB","opening",TRUE
2.05959289439491e-199,12.2294650925959,0.193,0,6.36972354042409e-194,"chr11-47789211-47789497","T2_prePB_to_PB","prePB","PB","opening",TRUE
3.26894352115655e-199,12.4376385973369,0.196,0,1.01098943173161e-193,"chr9-102584233-102584483","T2_prePB_to_PB","prePB","PB","opening",TRUE
1.78528000955458e-198,11.9312268419188,0.189,0,5.52135333834954e-193,"chr11-85955479-85955776","T2_prePB_to_PB","prePB","PB","opening",TRUE
4.2384879404363e-196,12.0328365322242,0.181,0,1.31084140382667e-190,"chr12-112451900-112452155","T2_prePB_to_PB","prePB","PB","opening",TRUE
4.3249041063043e-196,12.082569788953,0.186,0,1.33756741786084e-190,"chr1-236687148-236687410","T2_prePB_to_PB","prePB","PB","opening",TRUE
1.81340225159267e-195,12.0896964836705,0.188,0,5.60832727752315e-190,"chr8-29207360-29207647","T2_prePB_to_PB","prePB","PB","opening",TRUE
5.13385633362042e-195,12.1206708047358,0.184,0,1.58775288215512e-189,"chr3-39193947-39194288","T2_prePB_to_PB","prePB","PB","opening",TRUE
6.19632259571245e-195,12.3887030626976,0.188,0,1.91634288549859e-189,"chr11-95523931-95524181","T2_prePB_to_PB","prePB","PB","opening",TRUE
1.03167151219753e-193,11.9578278475053,0.186,0,3.19066080248844e-188,"chr3-13461117-13461503","T2_prePB_to_PB","prePB","PB","opening",TRUE
1.40725962314089e-191,12.0600261139244,0.18,0,4.35224590908407e-186,"chr19-4724035-4724330","T2_prePB_to_PB","prePB","PB","opening",TRUE
1.17144303446193e-190,11.98278806377,0.184,0,3.62293358711076e-185,"chr19-58427751-58428032","T2_prePB_to_PB","prePB","PB","opening",TRUE
4.2889950763772e-190,11.9947530261644,0.176,0,1.32646179626625e-184,"chr13-48807347-48807661","T2_prePB_to_PB","prePB","PB","opening",TRUE
1.27229308367468e-188,12.3769144556662,0.182,0,3.93483354281151e-183,"chr22-38054207-38054457","T2_prePB_to_PB","prePB","PB","opening",TRUE
8.12572246751285e-188,1.16020541922735,0.64,0.474,2.51305031325017e-182,"chr2-20251306-20251818","T2_prePB_to_PB","prePB","PB","opening",TRUE
6.03366288178313e-187,12.0011138499584,0.178,0,1.86603695311195e-181,"chr10-43902699-43902988","T2_prePB_to_PB","prePB","PB","opening",TRUE
9.02199392784486e-187,11.9500387491412,0.168,0,2.79024108405851e-181,"chr21-43482950-43483201","T2_prePB_to_PB","prePB","PB","opening",TRUE
1.21356126159688e-186,12.1063243871304,0.187,0,3.75319304935329e-181,"chr19-1941018-1941268","T2_prePB_to_PB","prePB","PB","opening",TRUE
3.86841360700853e-186,12.0126672471065,0.179,0,1.19638814465313e-180,"chr5-171614635-171614902","T2_prePB_to_PB","prePB","PB","opening",TRUE
8.00082824043761e-186,12.0963074587115,0.175,0,2.47442415074838e-180,"chr9-37409396-37409661","T2_prePB_to_PB","prePB","PB","opening",TRUE
8.30146293980717e-184,11.9864065409757,0.173,0,2.5674017448571e-178,"chr20-31331118-31331425","T2_prePB_to_PB","prePB","PB","opening",TRUE
3.25276750996325e-183,12.2573433708769,0.175,0,1.00598666057384e-177,"chr11-118662156-118662582","T2_prePB_to_PB","prePB","PB","opening",TRUE
1.20044587440091e-182,11.9677917497884,0.173,0,3.71263096021845e-177,"chr21-15755899-15756165","T2_prePB_to_PB","prePB","PB","opening",TRUE
1.60459487765793e-182,12.0281291809112,0.174,0,4.96254662408144e-177,"chr19-54640509-54640768","T2_prePB_to_PB","prePB","PB","opening",TRUE
1.88518885101301e-181,11.9271073209141,0.17,0,5.83034241141643e-176,"chr5-139028166-139028450","T2_prePB_to_PB","prePB","PB","opening",TRUE
4.46063786739287e-181,12.1721421300297,0.18,0,1.37954593388646e-175,"chr12-109027749-109028025","T2_prePB_to_PB","prePB","PB","opening",TRUE
4.00375820419424e-179,12.2236956145828,0.165,0,1.23824630356936e-173,"chr12-45610283-45610536","T2_prePB_to_PB","prePB","PB","opening",TRUE
5.69865035313759e-179,11.9993383013831,0.154,0,1.76242729336522e-173,"chr4-154266028-154266604","T2_prePB_to_PB","prePB","PB","opening",TRUE
1.30413035984844e-178,11.9677778576122,0.167,0,4.03329700520686e-173,"chr13-41885715-41886110","T2_prePB_to_PB","prePB","PB","opening",TRUE
3.06366303601208e-178,12.3098784164453,0.17,0,9.47502130810492e-173,"chr11-64691365-64691615","T2_prePB_to_PB","prePB","PB","opening",TRUE
6.11096432665354e-177,12.0003417551783,0.169,0,1.88994404826847e-171,"chr3-39193579-39193842","T2_prePB_to_PB","prePB","PB","opening",TRUE
1.76830618581873e-176,12.2850127543339,0.169,0,5.46885822394345e-171,"chr16-28503086-28503336","T2_prePB_to_PB","prePB","PB","opening",TRUE
3.55889091110375e-176,12.0398886089995,0.172,0,1.10066175096797e-170,"chr2-136742649-136742909","T2_prePB_to_PB","prePB","PB","opening",TRUE
1.95033797764967e-175,12.2079226149284,0.169,0,6.03182976685692e-170,"chr8-1949403-1949671","T2_prePB_to_PB","prePB","PB","opening",TRUE
5.48194329208668e-175,12.0908203832791,0.164,0,1.69540608388694e-169,"chr2-43454728-43455002","T2_prePB_to_PB","prePB","PB","opening",TRUE
7.33089834081103e-175,1.15892029060591,0.608,0.438,2.26723426076097e-169,"chr19-5686832-5687347","T2_prePB_to_PB","prePB","PB","opening",TRUE
1.68256413459287e-174,12.2971894488535,0.166,0,5.20368292469672e-169,"chr11-616136-616386","T2_prePB_to_PB","prePB","PB","opening",TRUE
1.9316297819546e-173,12.3394981831788,0.174,0,5.9739707429488e-168,"chr19-54040893-54041143","T2_prePB_to_PB","prePB","PB","opening",TRUE
2.66427069595004e-172,0.994685858120092,0.736,0.605,8.23981662407163e-167,"chr14-105219060-105219561","T2_prePB_to_PB","prePB","PB","opening",TRUE
1.14183981272834e-171,11.2479412486521,0.166,0,3.53137940722306e-166,"chr16-18937016-18937271","T2_prePB_to_PB","prePB","PB","opening",TRUE
4.01867842143015e-171,12.0198757147165,0.169,0,1.24286069407412e-165,"chr11-67272798-67273049","T2_prePB_to_PB","prePB","PB","opening",TRUE
6.78155193675062e-171,11.9795240068658,0.16,0,2.0973373490308e-165,"chr5-42951948-42952301","T2_prePB_to_PB","prePB","PB","opening",TRUE
2.10022579158953e-169,11.6054347594318,0.158,0,6.49538930790687e-164,"chr11-797680-798027","T2_prePB_to_PB","prePB","PB","opening",TRUE
2.96964481831385e-168,1.16224091861526,0.561,0.421,9.18425022604743e-163,"chr11-111895608-111896179","T2_prePB_to_PB","prePB","PB","opening",TRUE
4.63041371203989e-168,11.8914666652521,0.154,0,1.43205267913629e-162,"chr5-73936629-73936906","T2_prePB_to_PB","prePB","PB","opening",TRUE
5.91020924613486e-167,11.9575954261059,0.151,0,1.82785632376138e-161,"chr17-74965079-74965331","T2_prePB_to_PB","prePB","PB","opening",TRUE
1.42806364165768e-166,12.1882591112936,0.172,0,4.41658670519113e-161,"chr18-9914513-9914848","T2_prePB_to_PB","prePB","PB","opening",TRUE
4.0182277553338e-166,1.05366319532008,0.666,0.547,1.24272131611984e-160,"chr20-3800875-3801399","T2_prePB_to_PB","prePB","PB","opening",TRUE
3.10283947474451e-165,1.27178990547789,0.556,0.387,9.5961826719371e-160,"chr16-50186462-50187034","T2_prePB_to_PB","prePB","PB","opening",TRUE
4.36127216478083e-165,11.2909238338567,0.15,0,1.34881500367393e-159,"chr19-13265757-13266027","T2_prePB_to_PB","prePB","PB","opening",TRUE
7.08746866469045e-165,12.1591944007197,0.15,0,2.19194852139748e-159,"chr5-108746235-108746486","T2_prePB_to_PB","prePB","PB","opening",TRUE
7.96272644251484e-165,11.8514406116495,0.154,0,2.46264036960301e-159,"chr2-118943492-118943753","T2_prePB_to_PB","prePB","PB","opening",TRUE
1.02207031081561e-164,11.9294528435808,0.161,0,3.16096707096256e-159,"chr16-89831512-89831774","T2_prePB_to_PB","prePB","PB","opening",TRUE
3.58473717763929e-164,11.8319733768404,0.16,0,1.10865525166568e-158,"chr16-21512915-21513170","T2_prePB_to_PB","prePB","PB","opening",TRUE
4.13790254405162e-163,1.36681918736463,0.523,0.299,1.27973325770139e-157,"chr8-38088797-38089263","T2_prePB_to_PB","prePB","PB","opening",TRUE
2.12052216789568e-161,11.7813127525461,0.148,0,6.55816011387265e-156,"chr14-50102411-50102697","T2_prePB_to_PB","prePB","PB","opening",TRUE
3.04941946029051e-161,12.268073707493,0.159,0,9.43097005903507e-156,"chr10-977889-978139","T2_prePB_to_PB","prePB","PB","opening",TRUE
2.37343931279506e-160,11.8796369066928,0.153,0,7.3403594970744e-155,"chr3-124860191-124860485","T2_prePB_to_PB","prePB","PB","opening",TRUE
3.57911126264572e-160,0.971500610573623,0.64,0.511,1.1069153193097e-154,"chr9-127624179-127624630","T2_prePB_to_PB","prePB","PB","opening",TRUE
7.86297053584449e-160,1.33159595939882,0.524,0.326,2.43178876059116e-154,"chr22-29137748-29138276","T2_prePB_to_PB","prePB","PB","opening",TRUE
3.01832518468646e-158,12.1757096478249,0.151,0,9.33480448193166e-153,"chr1-226310082-226310332","T2_prePB_to_PB","prePB","PB","opening",TRUE
8.4682666580466e-158,11.9118477506453,0.148,0,2.61898929760073e-152,"chr2-38977538-38977793","T2_prePB_to_PB","prePB","PB","opening",TRUE
2.79653607715793e-157,12.1930856772542,0.151,0,8.64887509118709e-152,"chr19-33071622-33071872","T2_prePB_to_PB","prePB","PB","opening",TRUE
6.14927342024628e-157,11.5807260980912,0.142,0,1.90179193995299e-151,"chr3-195633608-195633902","T2_prePB_to_PB","prePB","PB","opening",TRUE
2.42227126017543e-153,11.5243409657604,0.15,0,7.49138254905716e-148,"chr7-141437635-141437908","T2_prePB_to_PB","prePB","PB","opening",TRUE
2.53380752037344e-153,1.33319830056297,0.501,0.28,7.83633185633413e-148,"chr9-107753666-107754146","T2_prePB_to_PB","prePB","PB","opening",TRUE
7.19030821255709e-153,12.0703475807037,0.139,0,2.22375381120574e-147,"chr4-110481627-110481877","T2_prePB_to_PB","prePB","PB","opening",TRUE
1.49641355860841e-151,11.4552686759901,0.144,0,4.6279731768438e-146,"chr12-57632173-57632601","T2_prePB_to_PB","prePB","PB","opening",TRUE
1.14891705724795e-150,11.0648371047733,0.14,0,3.55326727212132e-145,"chr12-46383614-46383880","T2_prePB_to_PB","prePB","PB","opening",TRUE
3.3738052183079e-150,1.40744970610784,0.491,0.291,1.0434201136713e-144,"chr2-158732747-158733273","T2_prePB_to_PB","prePB","PB","opening",TRUE
5.70574535294908e-150,12.1567533096049,0.146,0,1.76462157105191e-144,"chr11-58346604-58346854","T2_prePB_to_PB","prePB","PB","opening",TRUE
7.26863907803234e-148,11.8359293287173,0.135,0,2.24797927630214e-142,"chr12-113513241-113513498","T2_prePB_to_PB","prePB","PB","opening",TRUE
7.49570505580307e-146,11.6845005582289,0.135,0,2.31820419831327e-140,"chr2-86262958-86263255","T2_prePB_to_PB","prePB","PB","opening",TRUE
9.27926502818318e-146,12.1138128123361,0.142,0,2.86980757453124e-140,"chr6-29910478-29910728","T2_prePB_to_PB","prePB","PB","opening",TRUE
1.04025823710037e-145,11.7411661252589,0.135,0,3.21721705246268e-140,"chr8-38240186-38240438","T2_prePB_to_PB","prePB","PB","opening",TRUE
1.86311400026223e-145,12.1226595750215,0.141,0,5.762071299751e-140,"chr1-1712002-1712252","T2_prePB_to_PB","prePB","PB","opening",TRUE
3.58479422027495e-145,11.8542345279302,0.143,0,1.10867289329866e-139,"chr2-233928247-233928503","T2_prePB_to_PB","prePB","PB","opening",TRUE
5.16638629828467e-145,0.966116749836941,0.662,0.512,1.5978134568568e-139,"chr2-198318022-198318496","T2_prePB_to_PB","prePB","PB","opening",TRUE
5.17534094023639e-145,11.9882226234154,0.136,0,1.60058286792785e-139,"chr1-43231960-43232402","T2_prePB_to_PB","prePB","PB","opening",TRUE
1.62214616680654e-144,11.9779750201542,0.135,0,5.01682767154424e-139,"chr19-45582715-45583048","T2_prePB_to_PB","prePB","PB","opening",TRUE
1.9763479665769e-144,11.7303987544191,0.139,0,6.11227111971206e-139,"chr16-60882-61150","T2_prePB_to_PB","prePB","PB","opening",TRUE
7.93709942175639e-142,1.40056790776161,0.465,0.248,2.45471467526602e-136,"chr12-123849787-123850218","T2_prePB_to_PB","prePB","PB","opening",TRUE
1.17166430976017e-141,1.22252009151706,0.532,0.361,3.62361792743837e-136,"chr22-32340085-32340603","T2_prePB_to_PB","prePB","PB","opening",TRUE
1.74765512459015e-141,11.7307981354028,0.125,0,5.40499048037119e-136,"chr17-7835904-7836159","T2_prePB_to_PB","prePB","PB","opening",TRUE
5.78633764206658e-141,11.6838312171405,0.129,0,1.78954642889957e-135,"chr2-166650391-166650730","T2_prePB_to_PB","prePB","PB","opening",TRUE
2.7544233416179e-140,12.086329955449,0.139,0,8.51863261285509e-135,"chr16-4898032-4898282","T2_prePB_to_PB","prePB","PB","opening",TRUE
3.91260581958432e-140,11.9092709072274,0.137,0,1.21005551442866e-134,"chrX-39719786-39720079","T2_prePB_to_PB","prePB","PB","opening",TRUE
3.26657808044574e-139,11.8495314136349,0.139,0,1.01025786951753e-133,"chr13-99738828-99739088","T2_prePB_to_PB","prePB","PB","opening",TRUE
4.56259118014914e-139,12.0540970197671,0.133,0,1.4110771368759e-133,"chr10-73487711-73487961","T2_prePB_to_PB","prePB","PB","opening",TRUE
5.9967761538567e-139,12.0371752543753,0.13,0,1.85462895787942e-133,"chr21-30671345-30671595","T2_prePB_to_PB","prePB","PB","opening",TRUE
1.71715652900676e-138,11.8356430403114,0.137,0,5.31066716882451e-133,"chr8-12052017-12052278","T2_prePB_to_PB","prePB","PB","opening",TRUE
1.84404192150047e-138,11.6304764306039,0.121,0,5.70308689104371e-133,"chr9-134128276-134128530","T2_prePB_to_PB","prePB","PB","opening",TRUE
3.15435424798421e-138,11.6399387534166,0.13,0,9.75550292628326e-133,"chr16-30816820-30817105","T2_prePB_to_PB","prePB","PB","opening",TRUE
1.06879014339203e-137,11.7585813059183,0.133,0,3.30545796436995e-132,"chr1-25875801-25876087","T2_prePB_to_PB","prePB","PB","opening",TRUE
1.30606062360808e-137,12.0353508849696,0.132,0,4.03926675123894e-132,"chr9-99984278-99984528","T2_prePB_to_PB","prePB","PB","opening",TRUE
5.59656619360869e-137,11.6976687270688,0.13,0,1.73085562326355e-131,"chr7-77045429-77045740","T2_prePB_to_PB","prePB","PB","opening",TRUE
6.60426816828093e-137,11.7784360241986,0.135,0,2.04250862067241e-131,"chr22-22549784-22550039","T2_prePB_to_PB","prePB","PB","opening",TRUE
3.08410839168057e-136,11.1825428735114,0.135,0,9.53825286403441e-131,"chr3-160118302-160118745","T2_prePB_to_PB","prePB","PB","opening",TRUE
5.42438476321948e-136,1.15059541856022,0.502,0.333,1.67760490010565e-130,"chr16-686211-686685","T2_prePB_to_PB","prePB","PB","opening",TRUE
0,13.4260756176425,0.505,0,0,"chr22-24951207-24951474","T3_PB_to_PC","PB","PC","opening",TRUE
0,13.3568873205676,0.456,0,0,"chr14-24711922-24712172","T3_PB_to_PC","PB","PC","opening",TRUE
0,13.3167818645813,0.463,0,0,"chr2-133012884-133013143","T3_PB_to_PC","PB","PC","opening",TRUE
0,13.2678142863363,0.411,0,0,"chr14-77787068-77787318","T3_PB_to_PC","PB","PC","opening",TRUE
0,13.2542368330944,0.413,0,0,"chr13-41635943-41636193","T3_PB_to_PC","PB","PC","opening",TRUE
0,13.2320790438187,0.403,0,0,"chr2-27579676-27579926","T3_PB_to_PC","PB","PC","opening",TRUE
0,13.2272484959895,0.395,0,0,"chr17-37910210-37910460","T3_PB_to_PC","PB","PC","opening",TRUE
0,13.1819773284807,0.436,0,0,"chr17-7210631-7210922","T3_PB_to_PC","PB","PC","opening",TRUE
0,13.1523598097228,0.364,0,0,"chr19-50180330-50180580","T3_PB_to_PC","PB","PC","opening",TRUE
0,13.1468486729993,0.367,0,0,"chr9-6681762-6682012","T3_PB_to_PC","PB","PC","opening",TRUE
0,13.1381428684982,0.358,0,0,"chr2-62932350-62932600","T3_PB_to_PC","PB","PC","opening",TRUE
0,13.1339320710784,0.352,0,0,"chr3-129830776-129831026","T3_PB_to_PC","PB","PC","opening",TRUE
0,13.0267508731032,0.567,0,0,"chr10-131908652-131909083","T3_PB_to_PC","PB","PC","opening",TRUE
0,12.8577759503448,0.492,0,0,"chr3-31574042-31574301","T3_PB_to_PC","PB","PC","opening",TRUE
0,12.7414539121716,0.416,0,0,"chr3-49711230-49711480","T3_PB_to_PC","PB","PC","opening",TRUE
0,12.6204440339876,0.39,0,0,"chr13-60971013-60971316","T3_PB_to_PC","PB","PC","opening",TRUE
0,12.5827443948574,0.374,0,0,"chr22-42486619-42486876","T3_PB_to_PC","PB","PC","opening",TRUE
0,12.5481912062117,0.375,0,0,"chr1-207494762-207495186","T3_PB_to_PC","PB","PC","opening",TRUE
7.26770565032474e-321,13.0208141310537,0.318,0,2.24769059418158e-315,"chr16-89557275-89557525","T3_PB_to_PC","PB","PC","opening",TRUE
6.82275902286174e-317,12.9902457193657,0.312,0,2.11008150575947e-311,"chr3-150481346-150481596","T3_PB_to_PC","PB","PC","opening",TRUE
9.14363220377298e-294,12.3289259181391,0.295,0,2.82786027529307e-288,"chr13-115047056-115047347","T3_PB_to_PC","PB","PC","opening",TRUE
4.19925154879771e-292,12.9472181282461,0.293,0,1.29870672574822e-286,"chr1-156710685-156710935","T3_PB_to_PC","PB","PC","opening",TRUE
3.2327157490591e-288,12.6108243466974,0.283,0,9.99785232427258e-283,"chr2-157198025-157198298","T3_PB_to_PC","PB","PC","opening",TRUE
1.28363274512574e-287,12.9567348192956,0.294,0,3.96990382717783e-282,"chr19-47164758-47165008","T3_PB_to_PC","PB","PC","opening",TRUE
1.48438375638171e-279,12.3932212295765,0.282,0,4.59076848719929e-274,"chr4-103749377-103749636","T3_PB_to_PC","PB","PC","opening",TRUE
5.33348127406628e-277,12.9041532122202,0.279,0,1.64949108711175e-271,"chr3-149530947-149531197","T3_PB_to_PC","PB","PC","opening",TRUE
1.3902289824062e-276,12.3465284782168,0.278,0,4.29957507617748e-271,"chr6-144416883-144417168","T3_PB_to_PC","PB","PC","opening",TRUE
4.87790754520352e-268,12.0713699650048,0.267,0,1.50859534441264e-262,"chr16-56965352-56965617","T3_PB_to_PC","PB","PC","opening",TRUE
5.38746060236231e-260,12.2057915138308,0.268,0,1.66618532795319e-254,"chr12-102224225-102224656","T3_PB_to_PC","PB","PC","opening",TRUE
1.06957676103416e-258,12.8532773931843,0.265,0,3.30789074461795e-253,"chr3-49055361-49055611","T3_PB_to_PC","PB","PC","opening",TRUE
2.21730380887953e-258,11.9645525468558,0.26,0,6.85747766275981e-253,"chr2-220252822-220253084","T3_PB_to_PC","PB","PC","opening",TRUE
1.05022844552063e-255,12.8433307005321,0.259,0,3.24805201574612e-250,"chr11-66406050-66406300","T3_PB_to_PC","PB","PC","opening",TRUE
9.15190744562079e-255,12.3125983897998,0.259,0,2.83041956761459e-249,"chr4-39460628-39460883","T3_PB_to_PC","PB","PC","opening",TRUE
2.66058904402062e-249,12.1126375729845,0.255,0,8.228430342333e-244,"chr8-41685881-41686174","T3_PB_to_PC","PB","PC","opening",TRUE
7.89537858921948e-249,12.7623152035331,0.246,0,2.4418116316665e-243,"chr1-150534389-150534639","T3_PB_to_PC","PB","PC","opening",TRUE
2.8506622146698e-245,12.1788733520941,0.246,0,8.81627153793145e-240,"chr11-118992270-118992527","T3_PB_to_PC","PB","PC","opening",TRUE
1.371208134282e-242,11.8988422767136,0.244,0,4.2407491089753e-237,"chr17-34900419-34900720","T3_PB_to_PC","PB","PC","opening",TRUE
2.08770838025328e-240,12.429932218995,0.246,0,6.45667658469312e-235,"chr2-208489420-208489678","T3_PB_to_PC","PB","PC","opening",TRUE
7.40735240670965e-239,12.7338158321157,0.239,0,2.2908792861755e-233,"chr19-49140371-49140621","T3_PB_to_PC","PB","PC","opening",TRUE
1.75575740952714e-231,12.7175705646477,0.233,0,5.43004849801869e-226,"chr11-58345550-58345800","T3_PB_to_PC","PB","PC","opening",TRUE
1.42030958870148e-230,12.738051808177,0.239,0,4.39260566807296e-225,"chr3-9974982-9975232","T3_PB_to_PC","PB","PC","opening",TRUE
4.42771045624747e-230,12.2202501418591,0.235,0,1.36936244051411e-224,"chr3-179322540-179322798","T3_PB_to_PC","PB","PC","opening",TRUE
1.15703737679874e-229,12.7458975692827,0.236,0,3.57838106559923e-224,"chr8-91657718-91657968","T3_PB_to_PC","PB","PC","opening",TRUE
2.89692813143042e-228,12.2846579402557,0.235,0,8.95935860135616e-223,"chr11-112097328-112097594","T3_PB_to_PC","PB","PC","opening",TRUE
5.30143922820597e-228,12.719392474795,0.234,0,1.63958141154649e-222,"chr5-179050908-179051168","T3_PB_to_PC","PB","PC","opening",TRUE
4.14102342469331e-225,11.967190732171,0.229,0,1.28069845557833e-219,"chr16-30006645-30006922","T3_PB_to_PC","PB","PC","opening",TRUE
4.13367237273156e-223,12.2774258542667,0.226,0,1.27842498838706e-217,"chr16-87844100-87844381","T3_PB_to_PC","PB","PC","opening",TRUE
1.23503793439888e-220,12.6810822318119,0.225,0,3.81961417009475e-215,"chr1-21112798-21113048","T3_PB_to_PC","PB","PC","opening",TRUE
2.98341172363981e-213,12.30918030401,0.215,0,9.22682727181808e-208,"chr2-37899715-37899988","T3_PB_to_PC","PB","PC","opening",TRUE
4.31193410448072e-212,12.2804434952979,0.223,0,1.33355617242686e-206,"chr16-14379255-14379545","T3_PB_to_PC","PB","PC","opening",TRUE
1.16656959099433e-208,12.6197944946889,0.212,0,3.60786143976406e-203,"chr19-925218-925468","T3_PB_to_PC","PB","PC","opening",TRUE
1.17776648338385e-208,12.2581820778465,0.214,0,3.64249018082607e-203,"chr20-55967903-55968184","T3_PB_to_PC","PB","PC","opening",TRUE
1.3968141589282e-208,12.3600069069925,0.22,0,4.31994111745884e-203,"chr9-77642569-77642975","T3_PB_to_PC","PB","PC","opening",TRUE
1.57924529429549e-207,12.0916922313174,0.212,0,4.88414771412062e-202,"chr2-70520936-70521217","T3_PB_to_PC","PB","PC","opening",TRUE
2.41172394559428e-206,12.1224030562505,0.209,0,7.45876276377888e-201,"chr1-2231806-2232060","T3_PB_to_PC","PB","PC","opening",TRUE
2.67211013811041e-202,12.1532630046637,0.208,0,8.26406174523545e-197,"chr3-15247809-15248095","T3_PB_to_PC","PB","PC","opening",TRUE
9.34770940825761e-202,12.5977017922327,0.207,0,2.89097543640124e-196,"chr8-38243951-38244201","T3_PB_to_PC","PB","PC","opening",TRUE
1.74514509514866e-201,12.3449612335528,0.208,0,5.39722768721722e-196,"chrX-69654373-69654675","T3_PB_to_PC","PB","PC","opening",TRUE
1.52927884131814e-200,12.1332630623366,0.208,0,4.72961596533304e-195,"chr17-2496514-2496780","T3_PB_to_PC","PB","PC","opening",TRUE
3.77710800066144e-200,12.5796448977824,0.203,0,1.16814996847257e-194,"chr17-79213060-79213310","T3_PB_to_PC","PB","PC","opening",TRUE
4.28481373361662e-200,12.159266640451,0.206,0,1.32516862820935e-194,"chr12-16035394-16035675","T3_PB_to_PC","PB","PC","opening",TRUE
5.82320390354336e-197,12.2410340383963,0.203,0,1.80094809445276e-191,"chr13-111806198-111806601","T3_PB_to_PC","PB","PC","opening",TRUE
6.04097510117768e-194,11.71672199723,0.2,0,1.86829841051632e-188,"chr17-36908158-36908573","T3_PB_to_PC","PB","PC","opening",TRUE
4.04462080055628e-193,12.5316331563354,0.193,0,1.25088391960884e-187,"chr7-102036407-102036657","T3_PB_to_PC","PB","PC","opening",TRUE
2.64046414046647e-192,12.229221972306,0.193,0,8.16618985186206e-187,"chr1-11969463-11969754","T3_PB_to_PC","PB","PC","opening",TRUE
7.42271890937241e-192,11.8272687624878,0.196,0,2.29563169982052e-186,"chr4-164087448-164087820","T3_PB_to_PC","PB","PC","opening",TRUE
8.12352360535179e-192,12.0021629244889,0.194,0,2.51237026895075e-186,"chr11-125461948-125462236","T3_PB_to_PC","PB","PC","opening",TRUE
1.84048192964621e-191,12.3904016998348,0.201,0,5.69207686863612e-186,"chrX-63425442-63425709","T3_PB_to_PC","PB","PC","opening",TRUE
3.76873019031271e-191,12.008985469437,0.196,0,1.1655589546882e-185,"chr15-89878352-89878610","T3_PB_to_PC","PB","PC","opening",TRUE
7.53193107624634e-191,12.5646991401355,0.198,0,2.32940785588178e-185,"chr11-33757904-33758159","T3_PB_to_PC","PB","PC","opening",TRUE
3.84722652038825e-190,12.5617283228261,0.198,0,1.18983559318699e-184,"chr1-112281043-112281293","T3_PB_to_PC","PB","PC","opening",TRUE
9.98153473740184e-189,12.0641639380627,0.198,0,3.08699922977101e-183,"chr15-73076424-73076685","T3_PB_to_PC","PB","PC","opening",TRUE
7.32697149933135e-186,12.5507692619388,0.193,0,2.26601980256971e-180,"chr21-38444877-38445127","T3_PB_to_PC","PB","PC","opening",TRUE
5.59478737272786e-185,12.5083863821205,0.189,0,1.73030548555092e-179,"chr1-115124275-115124525","T3_PB_to_PC","PB","PC","opening",TRUE
1.93992155303677e-184,12.0520219906975,0.192,0,5.99961478629236e-179,"chr6-24720532-24720812","T3_PB_to_PC","PB","PC","opening",TRUE
5.86036616666717e-183,12.2447689741895,0.19,0,1.81244130473132e-177,"chr10-31607732-31608007","T3_PB_to_PC","PB","PC","opening",TRUE
2.44741495205752e-181,11.7491819332823,0.183,0,7.56914469637781e-176,"chr2-43037743-43038046","T3_PB_to_PC","PB","PC","opening",TRUE
1.44063974413429e-180,12.2608114559829,0.192,0,4.45548094308155e-175,"chr19-41768497-41768810","T3_PB_to_PC","PB","PC","opening",TRUE
2.77719123327655e-180,11.4539233449043,0.185,0,8.58904709906673e-175,"chr6-17706258-17706560","T3_PB_to_PC","PB","PC","opening",TRUE
4.48063842063063e-180,11.8990402394565,0.179,0,1.38573152498686e-174,"chr1-22109100-22109393","T3_PB_to_PC","PB","PC","opening",TRUE
4.89400071698263e-179,12.4943795631631,0.187,0,1.51357249574194e-173,"chr22-50969091-50969341","T3_PB_to_PC","PB","PC","opening",TRUE
5.1574646463903e-179,12.4354494485522,0.179,0,1.59505424865377e-173,"chr2-46769171-46769421","T3_PB_to_PC","PB","PC","opening",TRUE
1.37469756058969e-176,12.2396973566537,0.181,0,4.25154089261135e-171,"chr1-153748440-153748716","T3_PB_to_PC","PB","PC","opening",TRUE
7.50088898338953e-176,12.4551372736077,0.179,0,2.31980743678186e-170,"chr11-57435660-57435910","T3_PB_to_PC","PB","PC","opening",TRUE
1.49816103456927e-173,11.9800324610363,0.182,0,4.63337761322272e-168,"chr14-90422555-90422827","T3_PB_to_PC","PB","PC","opening",TRUE
3.55189332310293e-173,12.4507942675903,0.177,0,1.09849759992936e-167,"chr8-74884649-74884899","T3_PB_to_PC","PB","PC","opening",TRUE
1.60050262040504e-172,12.4181641712809,0.181,0,4.94989045915287e-167,"chr14-91839058-91839324","T3_PB_to_PC","PB","PC","opening",TRUE
3.45144054673894e-172,12.0109126248295,0.178,0,1.0674304693305e-166,"chr3-112280192-112280470","T3_PB_to_PC","PB","PC","opening",TRUE
6.15255140636769e-171,11.569023771957,0.176,0,1.90280572599874e-165,"chr17-8286307-8286582","T3_PB_to_PC","PB","PC","opening",TRUE
9.0839963958573e-171,12.4237936157747,0.176,0,2.80941664934318e-165,"chr5-139555009-139555259","T3_PB_to_PC","PB","PC","opening",TRUE
3.30182815761115e-169,12.1851921667382,0.18,0,1.02115969613256e-163,"chr1-26868205-26868466","T3_PB_to_PC","PB","PC","opening",TRUE
1.19262675468228e-168,1.05388205248002,0.677,0.471,3.68844869047344e-163,"chr19-36605967-36606484","T3_PB_to_PC","PB","PC","opening",TRUE
5.36752757147128e-168,12.3002778163654,0.179,0,1.6600206195565e-162,"chr9-139922428-139922904","T3_PB_to_PC","PB","PC","opening",TRUE
2.21446989176856e-167,12.1843651955865,0.173,0,6.84871317897153e-162,"chr13-77459732-77459989","T3_PB_to_PC","PB","PC","opening",TRUE
5.26352749952836e-167,12.4073229027776,0.17,0,1.62785641330664e-161,"chr13-111367549-111367799","T3_PB_to_PC","PB","PC","opening",TRUE
7.328189567409e-167,11.7898153443785,0.175,0,2.26639651570215e-161,"chr16-4784514-4785172","T3_PB_to_PC","PB","PC","opening",TRUE
5.6960183750133e-166,12.4525646885011,0.176,0,1.76161329885874e-160,"chr2-37458520-37458770","T3_PB_to_PC","PB","PC","opening",TRUE
4.30721043401603e-164,11.8020562099911,0.167,0,1.33209527813857e-158,"chr20-32255067-32255546","T3_PB_to_PC","PB","PC","opening",TRUE
1.56634389582765e-162,12.3489670974368,0.163,0,4.84424743006512e-157,"chr12-93771976-93772226","T3_PB_to_PC","PB","PC","opening",TRUE
1.04126901873427e-161,11.9010462464564,0.168,0,3.22034310692967e-156,"chr12-56435907-56436170","T3_PB_to_PC","PB","PC","opening",TRUE
1.37621037802383e-160,12.3686574901523,0.167,0,4.25621959821807e-155,"chr11-85375633-85375883","T3_PB_to_PC","PB","PC","opening",TRUE
1.56885240549126e-158,11.3305308339521,0.167,0,4.85200552298686e-153,"chr17-75953977-75954256","T3_PB_to_PC","PB","PC","opening",TRUE
4.4547721397631e-158,11.8840437168112,0.16,0,1.37773183443667e-152,"chr17-43325427-43325906","T3_PB_to_PC","PB","PC","opening",TRUE
2.34329206802058e-155,1.14998757447627,0.617,0.407,7.24712281168792e-150,"chr19-16770717-16771237","T3_PB_to_PC","PB","PC","opening",TRUE
3.29339394651959e-155,11.7217312817463,0.16,0,1.01855123923406e-149,"chr15-49447893-49448168","T3_PB_to_PC","PB","PC","opening",TRUE
6.37283824460449e-155,11.7812004202094,0.164,0,1.97093405674707e-149,"chr17-80407537-80407820","T3_PB_to_PC","PB","PC","opening",TRUE
2.34446775920161e-154,12.3729608609197,0.161,0,7.25075888356042e-149,"chr16-30382006-30382256","T3_PB_to_PC","PB","PC","opening",TRUE
3.87547549240558e-154,12.3348055917572,0.159,0,1.19857218101177e-148,"chr12-93964132-93964382","T3_PB_to_PC","PB","PC","opening",TRUE
2.3763210228767e-153,12.3261713268598,0.158,0,7.34927179066101e-148,"chr16-67204419-67204669","T3_PB_to_PC","PB","PC","opening",TRUE
1.44514214397144e-152,12.3300381564875,0.158,0,4.46940556008191e-147,"chr17-21190953-21191203","T3_PB_to_PC","PB","PC","opening",TRUE
1.39257594127547e-151,11.7924656946383,0.157,0,4.30683353934207e-146,"chr7-148823782-148824044","T3_PB_to_PC","PB","PC","opening",TRUE
4.18342412495671e-151,11.3594518819582,0.152,0,1.29381176254949e-145,"chr17-40074619-40074938","T3_PB_to_PC","PB","PC","opening",TRUE
1.78114162440169e-150,11.7324375849706,0.158,0,5.50855451320335e-145,"chr3-16553948-16554222","T3_PB_to_PC","PB","PC","opening",TRUE
2.89409602167631e-150,12.3022386882527,0.154,0,8.95059970719855e-145,"chr9-131798474-131798724","T3_PB_to_PC","PB","PC","opening",TRUE
3.10140439509545e-149,12.0071839207781,0.155,0,9.59174438675564e-144,"chr19-45504732-45504984","T3_PB_to_PC","PB","PC","opening",TRUE
5.263726850198e-149,12.3152371515203,0.155,0,1.62791806668759e-143,"chr6-139696678-139696928","T3_PB_to_PC","PB","PC","opening",TRUE
2.16847216397019e-147,12.3067244814182,0.154,0,6.70645554623225e-142,"chr1-156470408-156470658","T3_PB_to_PC","PB","PC","opening",TRUE
8.48275595052703e-147,12.2717224006387,0.149,0,2.62347041557545e-141,"chr12-58087584-58087834","T3_PB_to_PC","PB","PC","opening",TRUE
3.25483928295132e-145,11.8171824444031,0.149,0,1.00662739987764e-139,"chr19-50432196-50432535","T3_PB_to_PC","PB","PC","opening",TRUE
9.60176916386003e-145,11.7382090162128,0.144,0,2.96954875107616e-139,"chr15-89182720-89182977","T3_PB_to_PC","PB","PC","opening",TRUE
7.46140653237846e-144,11.769646867869,0.144,0,2.30759665967522e-138,"chr1-249167464-249167728","T3_PB_to_PC","PB","PC","opening",TRUE
2.59744483170432e-143,12.2557559032027,0.147,0,8.03314360546025e-138,"chrX-48815780-48816030","T3_PB_to_PC","PB","PC","opening",TRUE
1.39789353852247e-142,12.230126583832,0.145,0,4.32327932552384e-137,"chr1-154580790-154581040","T3_PB_to_PC","PB","PC","opening",TRUE
3.86159402844635e-142,12.2705066690763,0.154,0,1.19427904677163e-136,"chr19-17007858-17008131","T3_PB_to_PC","PB","PC","opening",TRUE
9.79925934441107e-142,12.2479104508979,0.146,0,3.03062673670536e-136,"chr14-24657499-24657749","T3_PB_to_PC","PB","PC","opening",TRUE
1.33240559808914e-139,11.2592852453625,0.148,0,4.12074411726627e-134,"chr10-27443432-27443698","T3_PB_to_PC","PB","PC","opening",TRUE
1.47013390909918e-139,12.2709884235765,0.147,0,4.54669784201011e-134,"chr7-2594880-2595130","T3_PB_to_PC","PB","PC","opening",TRUE
2.011950408132e-137,12.1980506128716,0.148,0,6.22237914673392e-132,"chr1-156458858-156459127","T3_PB_to_PC","PB","PC","opening",TRUE
1.59432639798316e-136,12.2107588138021,0.141,0,4.9307891943065e-131,"chr17-7386622-7386872","T3_PB_to_PC","PB","PC","opening",TRUE
1.35630733606921e-135,11.8032240104227,0.142,0,4.19466526133462e-130,"chr5-1316589-1316870","T3_PB_to_PC","PB","PC","opening",TRUE
4.12813853020273e-134,1.14194279470391,0.563,0.353,1.27671353137433e-128,"chr20-23331006-23331522","T3_PB_to_PC","PB","PC","opening",TRUE
3.80418324547322e-131,12.1643996916409,0.136,0,1.17652355651075e-125,"chr1-45965900-45966150","T3_PB_to_PC","PB","PC","opening",TRUE
5.08085638243051e-131,11.830903912173,0.136,0,1.57136153425067e-125,"chr1-152009318-152009604","T3_PB_to_PC","PB","PC","opening",TRUE
4.36583531613238e-129,12.1801904517571,0.136,0,1.35022625405558e-123,"chr17-54911814-54912064","T3_PB_to_PC","PB","PC","opening",TRUE
2.14947417393995e-128,11.7553176908505,0.134,0,6.64770027248582e-123,"chr19-46087382-46087648","T3_PB_to_PC","PB","PC","opening",TRUE
4.64299954588658e-128,12.1166369010035,0.131,0,1.43594511255589e-122,"chr6-138188882-138189132","T3_PB_to_PC","PB","PC","opening",TRUE
6.34691677571287e-127,11.7034341480639,0.135,0,1.96291729814149e-121,"chr19-16739463-16739733","T3_PB_to_PC","PB","PC","opening",TRUE
3.48805368479338e-125,12.1025441895956,0.128,0,1.07875385114973e-119,"chr15-73075552-73075802","T3_PB_to_PC","PB","PC","opening",TRUE
1.13261619465278e-123,11.4873633261912,0.125,0,3.50285343136461e-118,"chr12-7063141-7063455","T3_PB_to_PC","PB","PC","opening",TRUE
1.25167074399734e-123,1.44969844072018,0.436,0.194,3.87105462666803e-118,"chr4-119199628-119200207","T3_PB_to_PC","PB","PC","opening",TRUE
7.48217371370026e-123,12.0794548575842,0.125,0,2.31401934660979e-117,"chr12-46765936-46766186","T3_PB_to_PC","PB","PC","opening",TRUE
3.37794001573609e-122,11.7032216891102,0.126,0,1.04469888660672e-116,"chr10-31609195-31609565","T3_PB_to_PC","PB","PC","opening",TRUE
2.38304095382134e-121,12.1060963389239,0.128,0,7.37005458829281e-116,"chr15-50646895-50647145","T3_PB_to_PC","PB","PC","opening",TRUE
2.27838779444736e-120,12.1010376821846,0.127,0,7.04639271576531e-115,"chr11-75526587-75526837","T3_PB_to_PC","PB","PC","opening",TRUE
2.28288299645235e-119,12.0857816298725,0.125,0,7.06029507195813e-114,"chr19-17357300-17357550","T3_PB_to_PC","PB","PC","opening",TRUE
7.37579227775794e-119,11.4300677091085,0.124,0,2.28111865353448e-113,"chr9-131939732-131940016","T3_PB_to_PC","PB","PC","opening",TRUE
1.50676797097664e-118,12.0206066301076,0.12,0,4.65999637151917e-113,"chr15-75494587-75494837","T3_PB_to_PC","PB","PC","opening",TRUE
2.3080409635062e-118,12.0499075699418,0.122,0,7.13810136824527e-113,"chr17-73267660-73267910","T3_PB_to_PC","PB","PC","opening",TRUE
1.44905385696224e-117,11.4582026521053,0.118,0,4.48150335396568e-112,"chr15-55582345-55582606","T3_PB_to_PC","PB","PC","opening",TRUE
4.23062464782062e-117,11.9740567153122,0.12,0,1.30840951545613e-111,"chr14-75745987-75746271","T3_PB_to_PC","PB","PC","opening",TRUE
1.04537423042113e-116,11.6936717550679,0.122,0,3.23303933616574e-111,"chr11-268212-268568","T3_PB_to_PC","PB","PC","opening",TRUE
2.82274609135828e-116,11.7471557287543,0.122,0,8.72993506420465e-111,"chr11-44586507-44586825","T3_PB_to_PC","PB","PC","opening",TRUE
5.00608187999286e-116,11.5349872413508,0.119,0,1.54823594910727e-110,"chr13-30881678-30881945","T3_PB_to_PC","PB","PC","opening",TRUE
9.38222306431807e-116,1.1933931253909,0.494,0.284,2.90164950932472e-110,"chr3-9834219-9834724","T3_PB_to_PC","PB","PC","opening",TRUE
1.19725080700246e-115,11.8034145648068,0.12,0,3.70274954332458e-110,"chr5-172483678-172483945","T3_PB_to_PC","PB","PC","opening",TRUE
1.607880520295e-113,11.5964440892324,0.117,0,4.97270816392154e-108,"chr19-1855122-1855436","T3_PB_to_PC","PB","PC","opening",TRUE
1.69470037297757e-112,11.6194798353675,0.114,0,5.24121679051146e-107,"chr2-97481298-97481794","T3_PB_to_PC","PB","PC","opening",TRUE
3.70388385743432e-111,11.4387093730764,0.117,0,1.14550386447257e-105,"chr1-113161632-113161963","T3_PB_to_PC","PB","PC","opening",TRUE
1.44871347661225e-110,11.9920696347125,0.115,0,4.48045065625348e-105,"chr5-52096330-52096580","T3_PB_to_PC","PB","PC","opening",TRUE
3.31954475109559e-110,11.9330026940671,0.111,0,1.02663892471608e-104,"chr2-60777057-60777307","T3_PB_to_PC","PB","PC","opening",TRUE
1.30761626900597e-109,11.6030610219042,0.112,0,4.04407791131746e-104,"chr19-6516528-6516798","T3_PB_to_PC","PB","PC","opening",TRUE
6.003606348853e-108,11.555082218869,0.112,0,1.85674133911612e-102,"chr17-17586183-17586457","T3_PB_to_PC","PB","PC","opening",TRUE
8.84050910803183e-108,11.9775876252507,0.113,0,2.73411309235011e-102,"chr12-110887608-110887858","T3_PB_to_PC","PB","PC","opening",TRUE
1.11755388819849e-107,11.8022014223259,0.111,0,3.45627008557035e-102,"chr17-8090342-8090642","T3_PB_to_PC","PB","PC","opening",TRUE
2.01949769640945e-107,0.900391244020728,0.594,0.434,6.24572072066246e-102,"chr11-66383786-66384288","T3_PB_to_PC","PB","PC","opening",TRUE
3.52499478758458e-107,11.9320790248696,0.109,0,1.09017866295107e-101,"chr15-85259931-85260181","T3_PB_to_PC","PB","PC","opening",TRUE
1.93277606813506e-106,11.9767171279437,0.112,0,5.97751587368198e-101,"chr9-94877992-94878242","T3_PB_to_PC","PB","PC","opening",TRUE
4.01809728833949e-106,10.9409352374784,0.111,0,1.24268096646204e-100,"chr19-5130353-5130629","T3_PB_to_PC","PB","PC","opening",TRUE
1.15758447526595e-105,11.5456923162828,0.113,0,3.58007308249976e-100,"chr11-45940064-45940347","T3_PB_to_PC","PB","PC","opening",TRUE
1.87651377584051e-105,11.9519250986007,0.111,0,5.80351291967972e-100,"chr17-61774706-61774956","T3_PB_to_PC","PB","PC","opening",TRUE
2.70780984308569e-105,1.17779501050334,0.442,0.252,8.37447057980954e-100,"chrX-48815158-48815665","T3_PB_to_PC","PB","PC","opening",TRUE
2.81416666607658e-105,11.7696494563756,0.111,0,8.70340138984171e-100,"chr17-46101103-46101386","T3_PB_to_PC","PB","PC","opening",TRUE
1.86410341017144e-104,1.28084099076455,0.419,0.23,5.76513125767132e-99,"chr10-72142068-72142611","T3_PB_to_PC","PB","PC","opening",TRUE
2.99110978125237e-104,11.3821162214326,0.108,0,9.25063513157703e-99,"chr2-231090167-231090425","T3_PB_to_PC","PB","PC","opening",TRUE
2.2448760302486e-103,11.2145683747108,0.103,0,6.94275054751016e-98,"chr8-145012455-145013221","T3_PB_to_PC","PB","PC","opening",TRUE
3.96404812747312e-103,11.596642272522,0.108,0,1.22596512843174e-97,"chr22-50965470-50965759","T3_PB_to_PC","PB","PC","opening",TRUE
4.91267187428535e-103,11.9540916612926,0.109,0,1.5193469432321e-97,"chr1-93427456-93427706","T3_PB_to_PC","PB","PC","opening",TRUE
9.32196396255215e-102,11.4089659197287,0.106,0,2.88301311666246e-96,"chr3-115377595-115377864","T3_PB_to_PC","PB","PC","opening",TRUE
1.97813557320975e-100,11.8788818899508,0.103,0,6.11779966862152e-95,"chr12-67662640-67662890","T3_PB_to_PC","PB","PC","opening",TRUE
4.50684426776522e-100,11.5408331757763,0.108,0,1.39383623353602e-94,"chr11-830769-831040","T3_PB_to_PC","PB","PC","opening",TRUE
9.14625900083533e-100,11.3724078127075,0.105,0,2.82867266744734e-94,"chr10-89264935-89265211","T3_PB_to_PC","PB","PC","opening",TRUE
3.0779996369953e-99,0.911832565028458,0.528,0.369,9.51936025733174e-94,"chr5-126113849-126114428","T3_PB_to_PC","PB","PC","opening",TRUE
4.1512905211619e-99,11.9057116448708,0.105,0,1.28387377077026e-93,"chr2-171786051-171786301","T3_PB_to_PC","PB","PC","opening",TRUE
4.48675589817185e-98,11.8758732466219,0.102,0,1.38762348338351e-92,"chr9-134131434-134131684","T3_PB_to_PC","PB","PC","opening",TRUE
8.13376418176679e-98,0.936788901094223,0.576,0.392,2.5155373822592e-92,"chr11-59383143-59383652","T3_PB_to_PC","PB","PC","opening",TRUE
1.87602251710401e-97,11.273575927776,0.103,0,5.80199359887275e-92,"chr2-202897678-202897981","T3_PB_to_PC","PB","PC","opening",TRUE
3.2601340016673e-97,11.3264529287884,0.105,0,1.00826490282965e-91,"chr5-36745242-36745555","T3_PB_to_PC","PB","PC","opening",TRUE
1.71815749154761e-96,11.8734672361269,0.102,0,5.31376285568422e-91,"chr10-6193540-6193790","T3_PB_to_PC","PB","PC","opening",TRUE
3.90634947476328e-96,11.6009954863877,0.103,0,1.20812060840951e-90,"chr9-111775943-111776195","T3_PB_to_PC","PB","PC","opening",TRUE
5.50503349475927e-96,11.7553231536503,0.098,0,1.70254721395769e-90,"chr11-75920377-75920951","T3_PB_to_PC","PB","PC","opening",TRUE
7.81234039817749e-96,11.3403473040982,0.097,0,2.41613032728475e-90,"chr19-3178724-3178984","T3_PB_to_PC","PB","PC","opening",TRUE
8.37149931980214e-96,11.9111884839324,0.103,0,2.58906196613453e-90,"chr10-17685609-17685859","T3_PB_to_PC","PB","PC","opening",TRUE
3.81908829612386e-95,11.8521089923489,0.1,0,1.18113325643052e-89,"chr1-161039797-161040047","T3_PB_to_PC","PB","PC","opening",TRUE
2.6519849592182e-94,11.8111990676699,0.097,0,8.20182040322372e-89,"chr17-74379449-74379699","T3_PB_to_PC","PB","PC","opening",TRUE
4.93940624136052e-94,11.7262106423545,0.096,0,1.52761510767181e-88,"chr15-31637210-31637508","T3_PB_to_PC","PB","PC","opening",TRUE
1.55398793920195e-93,11.2567541214709,0.097,0,4.80603403944926e-88,"chr19-36486362-36486637","T3_PB_to_PC","PB","PC","opening",TRUE
1.64439670637486e-93,11.3387061260323,0.094,0,5.0856421377726e-88,"chr1-151484153-151484508","T3_PB_to_PC","PB","PC","opening",TRUE
3.07236067267086e-93,11.4843876304416,0.099,0,9.5019205759759e-88,"chr7-102064624-102065116","T3_PB_to_PC","PB","PC","opening",TRUE
7.54860544980694e-93,11.1818444627053,0.096,0,2.33456475606724e-87,"chr17-27276237-27276515","T3_PB_to_PC","PB","PC","opening",TRUE
7.65529503872237e-93,11.136279068279,0.095,0,2.36756075192071e-87,"chr15-93443250-93443511","T3_PB_to_PC","PB","PC","opening",TRUE
