"motif","T1_MBC_to_prePB","T2_prePB_to_PB","T3_PB_to_PC","specificity","top_transition"
"CREB3L4(var.2)",1.0829118517392,-0.194358762207766,-0.88855308953143,1,"T1_MBC_to_prePB"
"EGR3",-1.08712988488841,0.880627933644502,0.206501951243856,1,"T2_prePB_to_PB"
"Creb5",0.778899264786815,0.348782682996482,-1.1276819477833,1,"T1_MBC_to_prePB"
"KLF13",-0.0627563373743532,1.0299001922748,-0.967143854900444,1,"T2_prePB_to_PB"
"XBP1",0.563607939310672,0.59098441710258,-1.15459235641325,1,"T2_prePB_to_PB"
"BHLHE40",0.479663821919842,0.669806458644142,-1.14947028056398,1,"T2_prePB_to_PB"
"ZNF682",-0.691317302864926,1.14663323908782,-0.455315936222899,1,"T2_prePB_to_PB"
"FOSL1::JUNB",0.881385977335958,-1.08673406260729,0.205348085271328,1,"T1_MBC_to_prePB"
"IRF3",-0.817867339900887,-0.29698400282917,1.11485134273006,1,"T3_PB_to_PC"
"TFAP2B",-0.604360647521894,-0.549911898827188,1.15427254634908,1,"T3_PB_to_PC"
"TBP",0.195894000689161,-1.08345151853336,0.887557517844197,1,"T3_PB_to_PC"
"NFATC3",0.0528499743213679,-1.02537701812147,0.972527043800099,1,"T3_PB_to_PC"
"Stat2",-0.759866237657734,-0.373029347467369,1.1328955851251,1,"T3_PB_to_PC"
"NRF1",0.983967128946181,0.0313294554920697,-1.01529658443825,1,"T1_MBC_to_prePB"
"ZBTB33",0.466356318585565,-1.1479917130219,0.681635394436329,1,"T3_PB_to_PC"
"KLF15",1.01950124752996,-0.0402158489999617,-0.979285398529999,1,"T1_MBC_to_prePB"
"HINFP",0.968853361523134,0.0596251300974656,-1.0284784916206,1,"T1_MBC_to_prePB"
"FEV",0.867450819483268,0.226310049028087,-1.09376086851135,1,"T1_MBC_to_prePB"
"EGR1",1.14413883602947,-0.707012898468062,-0.437125937561397,1,"T1_MBC_to_prePB"
"KLF14",0.350868340163737,0.777282238878875,-1.12815057904262,1,"T2_prePB_to_PB"
"ETV5",0.880176137041509,0.207188901436476,-1.08736503847799,1,"T1_MBC_to_prePB"
"ELK4",0.716414174228,0.426052467003072,-1.14246664123107,1,"T1_MBC_to_prePB"
"ELF2",0.783082769234071,0.343364073517904,-1.12644684275197,1,"T1_MBC_to_prePB"
"ETS1",0.663900661722624,0.486234815375893,-1.15013547709852,1,"T1_MBC_to_prePB"
"TFDP1",1.05414699925975,-0.118930659482283,-0.93521633977747,1,"T1_MBC_to_prePB"
"Gmeb1",0.932012190197149,0.124345459479659,-1.05635764967681,1,"T1_MBC_to_prePB"
"FOSL1::JUND(var.2)",1.08514126288828,-0.200735393817982,-0.884405869070293,1,"T1_MBC_to_prePB"
"ETS2",0.824981776419546,0.287190325938309,-1.11217210235786,1,"T1_MBC_to_prePB"
"SP9",-0.366468867085786,1.13153577124766,-0.765066904161871,1,"T2_prePB_to_PB"
"ERF",0.661351648056445,0.489056143269484,-1.15040779132593,1,"T1_MBC_to_prePB"
"YY2",0.247079603903879,0.853298850027514,-1.10037845393138,1,"T2_prePB_to_PB"
"ZBTB7A",0.596577398769582,0.557907280200484,-1.15448467897007,1,"T1_MBC_to_prePB"
"HOXA9",0.7607084752502,-1.13267861032739,0.371970135077186,1,"T1_MBC_to_prePB"
"SP3",-0.502464717044274,1.15159167906823,-0.64912696202395,1,"T2_prePB_to_PB"
"EGR4",-1.15079838836331,0.657541156693541,0.49325723166977,1,"T2_prePB_to_PB"
"NFYA",0.390319930397944,0.745976456341821,-1.13629638673976,1,"T2_prePB_to_PB"
"ETV6",0.749152496164876,0.386395435436373,-1.13554793160125,1,"T1_MBC_to_prePB"
"KLF11",-0.221052892147262,1.0920312673328,-0.870978375185543,1,"T2_prePB_to_PB"
"HES1",-0.311705438312833,1.11872851062417,-0.807023072311336,1,"T2_prePB_to_PB"
"FOSB::JUNB(var.2)",0.89613307960284,0.182575298115434,-1.07870837771827,1,"T1_MBC_to_prePB"
"TFAP2E",-1.08535498267056,0.201351516358068,0.884003466312486,1,"T3_PB_to_PC"
"NFYC",0.368734254600527,0.763275361781535,-1.13200961638206,1,"T2_prePB_to_PB"
"SP2",-0.870511481664761,1.09226207277856,-0.221750591113794,1,"T2_prePB_to_PB"
"E2F6",-1.04583726077241,0.099045632915199,0.9467916278572,1,"T3_PB_to_PC"
"Atf1",0.373696257492522,0.75933543185499,-1.13303168934751,1,"T2_prePB_to_PB"
"SPDEF",0.325751834194567,0.79650633565141,-1.12225816984598,1,"T2_prePB_to_PB"
"FOSL2::JUNB(var.2)",0.949286949923307,0.094690096004418,-1.04397704592773,1,"T1_MBC_to_prePB"
"CTCF",1.09500139043819,-0.230122425320518,-0.864878965117676,1,"T1_MBC_to_prePB"
"KLF2",-0.688655092989915,1.14702027860002,-0.458365185610106,1,"T2_prePB_to_PB"
"E2F3",0.170792305458278,-1.07439690667081,0.903604601212528,1,"T3_PB_to_PC"
"GMEB2",-1.05056607634843,0.940292904827281,0.110273171521153,1,"T2_prePB_to_PB"
"JUN::JUNB(var.2)",1.06680102798553,-0.150710463146435,-0.916090564839093,1,"T1_MBC_to_prePB"
"FOSL2::JUND(var.2)",1.12846810117132,-0.35229111373922,-0.7761769874321,1,"T1_MBC_to_prePB"
"KLF3",-0.039456546090282,1.01914429539418,-0.979687749303895,1,"T2_prePB_to_PB"
"ETV2",0.535144094360986,0.618551871186978,-1.15369596554796,1,"T2_prePB_to_PB"
"E2F1",0.492253293108011,-1.15070667152042,0.65845337841241,1,"T3_PB_to_PC"
"KLF5",-0.781569481042118,1.12689740834282,-0.345327927300697,1,"T2_prePB_to_PB"
"KLF6",-0.674859006631053,1.14886279747883,-0.474003790847778,1,"T2_prePB_to_PB"
"CENPB",-1.15459813647004,0.59061662975833,0.563981506711713,1,"T2_prePB_to_PB"
"ELF5",0.0317929258981051,0.98372441888422,-1.01551734478232,1,"T2_prePB_to_PB"
"E2F4",0.353961163511183,-1.1288385654088,0.77487740189762,1,"T3_PB_to_PC"
"Pax2",1.07843287303208,-0.181813437406022,-0.896619435626055,1,"T1_MBC_to_prePB"
"ZIC5",0.607130546533961,0.547048842886185,-1.15417938942015,1,"T1_MBC_to_prePB"
"JDP2(var.2)",0.878480110208098,0.209762658277473,-1.08824276848557,1,"T1_MBC_to_prePB"
"OVOL2",-0.57606735258855,-0.578632236247124,1.15469958883567,1,"T3_PB_to_PC"
"PAX5",0.282959840993492,0.828030417915745,-1.11099025890924,1,"T2_prePB_to_PB"
"ZNF148",-1.14889796065653,0.474323524027376,0.674574436629146,1,"T3_PB_to_PC"
"ATF3",0.656041917092513,0.494904768517361,-1.15094668560988,1,"T1_MBC_to_prePB"
"ZBTB7C",-0.37004000418047,1.13228068240985,-0.762240678229384,1,"T2_prePB_to_PB"
"IRF5",-0.977371004425039,-0.0438174928794276,1.02118849730447,1,"T3_PB_to_PC"
"FOSL2::JUN(var.2)",1.1545127451296,-0.595290811840442,-0.559221933289157,1,"T1_MBC_to_prePB"
"RFX4",0.585010755037877,-1.15466650652413,0.569655751486258,1,"T1_MBC_to_prePB"
"IRF8",-1.03789698039897,0.0806821401804267,0.957214840218541,1,"T3_PB_to_PC"
"OVOL1",-1.12840543834234,0.776395732815756,0.352009705526586,1,"T2_prePB_to_PB"
"Dux",0.525268875457539,0.627910034129138,-1.15317890958668,1,"T2_prePB_to_PB"
"NFYB",0.188293821342769,0.892468048485987,-1.08076186982876,1,"T2_prePB_to_PB"
"ZFP57",0.971881347980285,0.0540454222068072,-1.02592677018709,1,"T1_MBC_to_prePB"
"MYBL2",0.33428934802041,0.790032411930567,-1.12432175995098,1,"T2_prePB_to_PB"
"ZIC3",0.266285416948776,0.83990356870893,-1.1061889856577,1,"T2_prePB_to_PB"
"ZBED1",-0.520354401094031,1.15288290398267,-0.632528502888643,1,"T2_prePB_to_PB"
"MLX",-0.0175663023911987,1.00866742888239,-0.991101126491187,1,"T2_prePB_to_PB"
"MLXIPL",-0.179692311751272,1.07766344911519,-0.897971137363915,1,"T2_prePB_to_PB"
"BHLHE41",0.273140679016792,0.835049764801763,-1.10819044381856,1,"T2_prePB_to_PB"
"TFAP2A(var.2)",-0.387396271364394,-0.748343846768545,1.13574011813294,1,"T3_PB_to_PC"
"RFX7",1.1513813884986,-0.49992346080185,-0.651457927696737,1,"T1_MBC_to_prePB"
"Arntl",-0.0340291163124912,1.016580221048,-0.982551104735515,1,"T2_prePB_to_PB"
"ARNT2",-0.259215030418115,1.1040846447529,-0.844869614334782,1,"T2_prePB_to_PB"
"PAX1",0.9901955106552,0.0193287583832649,-1.00952426903847,1,"T1_MBC_to_prePB"
"EN2",0.739460220731258,0.398318674847303,-1.13777889557856,1,"T1_MBC_to_prePB"
"BARHL1",-0.20047579228769,-0.884575331087576,1.08505112337527,1,"T3_PB_to_PC"
"MITF",-0.0872580849942993,1.0407697145953,-0.953511629600998,1,"T2_prePB_to_PB"
"TEF",-1.04750888196804,0.102988643124263,0.944520238843772,1,"T3_PB_to_PC"
"DBP",0.0739759001196033,0.960957777247611,-1.03493367736721,1,"T2_prePB_to_PB"
"KLF9",-1.11000319870042,0.830536849647015,0.279466349053407,1,"T2_prePB_to_PB"
"MAZ",-0.998231339389526,-0.00352798618427441,1.0017593255738,1,"T3_PB_to_PC"
"Zfx",-0.989085929507283,1.01056793317865,-0.021482003671371,1,"T2_prePB_to_PB"
"EHF",-1.03128940881803,0.0658318361573226,0.965457572660714,1,"T3_PB_to_PC"
"FOSL1::JUN",0.889872232854034,-1.08219238897091,0.192320156116872,1,"T1_MBC_to_prePB"
"FOS::JUN",0.87098780492032,-1.09202659986377,0.221038794943452,1,"T1_MBC_to_prePB"
"FOSL1::JUND",0.897239595291313,-1.07808054422253,0.180840948931213,1,"T1_MBC_to_prePB"
"Ahr::Arnt",-0.061569652484068,-0.967792603614932,1.029362256099,1,"T3_PB_to_PC"
"ZNF263",-0.957219074709646,-0.0806745874502771,1.03789366215992,1,"T3_PB_to_PC"
"Klf1",-0.950443134098117,1.04310657885542,-0.0926634447573025,1,"T2_prePB_to_PB"
"IRF7",-0.994361306699545,-0.011183580053877,1.00554488675342,1,"T3_PB_to_PC"
"FOSL2::JUND",0.846727647478907,-1.10328236168803,0.25655471420912,1,"T1_MBC_to_prePB"
"FOS::JUNB",0.775835969165629,-1.12856561450653,0.352729645340904,1,"T1_MBC_to_prePB"
"TFAP2C(var.2)",-1.11329983900243,0.29127734865436,0.822022490348072,1,"T3_PB_to_PC"
"JDP2",1.00385177028463,-0.996103198940013,-0.0077485713446192,1,"T1_MBC_to_prePB"
"IRF2",-0.902967899176692,-0.171803086850182,1.07477098602687,1,"T3_PB_to_PC"
"KLF17",-0.966866025091235,-0.0632639484329553,1.03012997352419,1,"T3_PB_to_PC"
"STAT1::STAT2",-0.92667137088169,-0.133288256243686,1.05995962712538,1,"T3_PB_to_PC"
"MYCN",0.421829010810992,0.719969598137294,-1.14179860894829,1,"T2_prePB_to_PB"
"HES2",0.294780652429985,0.819474853225613,-1.1142555056556,1,"T2_prePB_to_PB"
"SREBF2(var.2)",-0.112304955615224,1.05141158864669,-0.939106633031468,1,"T2_prePB_to_PB"
"RUNX2",-1.10611525381672,0.266035356073001,0.840079897743716,1,"T3_PB_to_PC"
"Znf281",-0.619506040882554,-0.534142233119565,1.15364827400212,1,"T3_PB_to_PC"
"YY1",-0.413197282358381,1.1403818089375,-0.727184526579115,1,"T2_prePB_to_PB"
"TFAP2B(var.2)",-0.871485326085097,-0.220294679502646,1.09178000558775,1,"T3_PB_to_PC"
"RFX1",-0.708419086481383,1.14389732865443,-0.435478242173052,1,"T2_prePB_to_PB"
"TFAP2B(var.3)",-0.355339943064931,-0.773802646910629,1.12914258997556,1,"T3_PB_to_PC"
"PLAG1",-0.586944191129459,-0.567702908354066,1.15464709948353,1,"T3_PB_to_PC"
"TFAP2A(var.3)",-0.572303201498433,-0.58238267270577,1.1546858742042,1,"T3_PB_to_PC"
"PAX9",0.566015508604715,0.588611332807494,-1.15462684141221,1,"T2_prePB_to_PB"
"RFX3",-1.15362700868368,0.619924333916922,0.533702674766762,1,"T2_prePB_to_PB"
"E2F8",-0.208676000501966,-0.879196821253003,1.08787282175497,1,"T3_PB_to_PC"
"IRF1",-0.953619039480732,-0.0870681670454174,1.04068720652615,1,"T3_PB_to_PC"
"REL",-0.310575244761469,-0.807862035256133,1.1184372800176,1,"T3_PB_to_PC"
"SPIC",-0.639808567050534,-0.51255217067913,1.15236073772966,1,"T3_PB_to_PC"
"GLIS1",-0.216910269268071,1.09065290052161,-0.873742631253537,1,"T2_prePB_to_PB"
"CREB3L1",-0.468510476303306,1.14824290228916,-0.679732425985854,1,"T2_prePB_to_PB"
"RELA",-0.25976559528712,-0.844484369613653,1.10424996490077,1,"T3_PB_to_PC"
"E2F7",-0.265579367024516,-0.840401304864711,1.10598067188923,1,"T3_PB_to_PC"
"BHLHE22(var.2)",-0.714150710246895,-0.428730964710131,1.14288167495703,1,"T3_PB_to_PC"
"NFATC1",-0.0494801110566884,-0.974341417104075,1.02382152816076,1,"T3_PB_to_PC"
"MZF1(var.2)",-0.660909716683799,-0.489544385435012,1.15045410211881,1,"T3_PB_to_PC"
"E2F2",-0.495919863989305,-0.655116817997076,1.15103668198638,1,"T3_PB_to_PC"
"GCM1",-0.277089370727908,-0.832236500317047,1.10932587104495,1,"T3_PB_to_PC"
"ZKSCAN5",-0.679848624225601,-0.468379087672155,1.14822771189776,1,"T3_PB_to_PC"
"Stat4",-0.283916507435231,-0.82734229957034,1.11125880700557,1,"T3_PB_to_PC"
"OSR1",-1.05331873775166,0.116915878962999,0.936402858788657,1,"T3_PB_to_PC"
"STAT1",-0.382323479210807,-0.752433283660991,1.1347567628718,1,"T3_PB_to_PC"
"PLAGL2",-0.300086907976417,-0.81559668899771,1.11568359697413,1,"T3_PB_to_PC"
"PAX3(var.2)",0.0080912535837096,0.995929822262562,-1.00402107584627,1,"T2_prePB_to_PB"
"NFKB2",0.0165679245064774,-1.00818102090886,0.991613096402381,1,"T3_PB_to_PC"
"HOXC12",-0.411007532457234,-0.729003914958414,1.14001144741565,1,"T3_PB_to_PC"
"HLF",-0.403766195777765,-0.734989168943882,1.13875536472165,1,"T3_PB_to_PC"
"MTF1",-0.313713571330971,-0.805529751216695,1.11924332254767,1,"T3_PB_to_PC"
"POU3F3",-1.1103597114282,0.829635650748223,0.280724060679977,1,"T2_prePB_to_PB"
"TFCP2",-0.923132336653627,-0.139158408137569,1.0622907447912,1,"T3_PB_to_PC"
"FOXI1",-0.8376331696722,-0.269498753361937,1.10713192303414,1,"T3_PB_to_PC"
"FOXL1",-0.8376331696722,-0.269498753361937,1.10713192303414,1,"T3_PB_to_PC"
"FOXO4",-0.8376331696722,-0.269498753361937,1.10713192303414,1,"T3_PB_to_PC"
"FOXO6",-0.8376331696722,-0.269498753361937,1.10713192303414,1,"T3_PB_to_PC"
"FOXP3",-0.8376331696722,-0.269498753361937,1.10713192303414,1,"T3_PB_to_PC"
"FOXD1",-0.842960536920677,-0.261939917000849,1.10490045392153,1,"T3_PB_to_PC"
"Foxf1",-0.920063704106787,-0.144213201951167,1.06427690605795,1,"T3_PB_to_PC"
"DUXA",0.0270942664570053,-1.01327180809847,0.986177541641467,1,"T3_PB_to_PC"
"HOXD11",-0.614607252651057,-0.539273862001169,1.15388111465223,1,"T3_PB_to_PC"
"POU1F1",-1.15404317099673,0.61075983688851,0.543283334108217,1,"T2_prePB_to_PB"
"FOXP1",-0.874186523765415,-0.216243130223385,1.0904296539888,1,"T3_PB_to_PC"
"HOXD10",-0.186872434706007,-0.893381405037419,1.08025383974343,1,"T3_PB_to_PC"
"HOXC9",-0.559106552620118,-0.59540380670198,1.1545103593221,1,"T3_PB_to_PC"
"Foxl2",-0.465439216450036,-0.682444175937567,1.1478833923876,1,"T3_PB_to_PC"
"HOXC11",-0.329861429662132,-0.793397818562331,1.12325924822446,1,"T3_PB_to_PC"
"FOXA3",-0.67646841810799,-0.472193369127334,1.14866178723532,1,"T3_PB_to_PC"
"FOXK2",-0.755375622130554,-0.378655862219665,1.13403148435022,1,"T3_PB_to_PC"
"CEBPB",-1.09173754409946,0.220166682552667,0.871570861546797,1,"T3_PB_to_PC"
"GRHL1",-0.612867046538022,-0.541089625353386,1.15395667189141,1,"T3_PB_to_PC"
"FOXF2",-1.0107962558168,0.0219540288441444,0.988842226972658,1,"T3_PB_to_PC"
"PRRX2",-0.371933056812047,-0.760737940231277,1.13267099704332,1,"T3_PB_to_PC"
"Arx",-0.775476124184117,-0.35319215433543,1.12866827851955,1,"T3_PB_to_PC"
"FOXN3",-0.657358815958869,-0.493457770544238,1.15081658650311,1,"T3_PB_to_PC"
"VSX2",-0.622429457987633,-0.531065614699372,1.15349507268701,1,"T3_PB_to_PC"
"Alx1",-0.734070658777077,-0.404881247024963,1.13895190580204,1,"T3_PB_to_PC"
"ARGFX",-0.42396736198023,-0.718171551743456,1.14213891372369,1,"T3_PB_to_PC"
"Lhx4",-0.392241236512856,-0.744416520448977,1.13665775696183,1,"T3_PB_to_PC"
"GSC",-0.559896906831798,-0.594629496391972,1.15452640322377,1,"T3_PB_to_PC"
"PAX7",-0.70934802016993,-0.434388116563342,1.14373613673327,1,"T3_PB_to_PC"
"RELB",-0.595610398973956,-0.558895558931948,1.1545059579059,1,"T3_PB_to_PC"
"GSC2",-0.669807195604199,-0.479662998945907,1.14947019455011,1,"T3_PB_to_PC"
"Arid3a",-0.440736691857555,-0.703922396390891,1.14465908824845,1,"T3_PB_to_PC"
"PAX3",-0.741365580405123,-0.395987156477841,1.13735273688296,1,"T3_PB_to_PC"
"Dmbx1",-0.410336997662549,-0.72956015765785,1.1398971553204,1,"T3_PB_to_PC"
"HSF1",-0.442406774232664,-0.702488761050353,1.14489553528302,1,"T3_PB_to_PC"
"PHOX2B",-0.664289383019474,-0.485803785905378,1.15009316892485,1,"T3_PB_to_PC"
"TCFL5",1.0653144988631,-0.146873937345559,-0.918440561517546,1,"T1_MBC_to_prePB"
"ZBTB14",1.08650388136015,-0.204678482119011,-0.881825399241138,1,"T1_MBC_to_prePB"
"ELK1",0.892500912338435,0.188242720394799,-1.08074363273323,1,"T1_MBC_to_prePB"
"ELK3",0.86801089302839,0.225477545827564,-1.09348843885596,1,"T1_MBC_to_prePB"
"ETV3",0.825746030458992,0.286131720009053,-1.11187775046804,1,"T1_MBC_to_prePB"
"ERG",0.787750618664943,0.337279067044193,-1.12502968570914,1,"T1_MBC_to_prePB"
"FLI1",0.758290849103193,0.37500723978419,-1.13329808888739,1,"T1_MBC_to_prePB"
"EGR2",0.936213725625631,0.117237390565171,-1.0534511161908,1,"T1_MBC_to_prePB"
"SP4",0.00600677809229202,0.996983080343671,-1.00298985843596,1,"T2_prePB_to_PB"
"FOSL1::JUN(var.2)",0.921791087552081,0.141371750024781,-1.06316283757686,1,"T1_MBC_to_prePB"
"ELF4",0.571501466806313,0.583179387537919,-1.15468085434423,1,"T2_prePB_to_PB"
"JUNB(var.2)",0.984781242148808,0.0297725994169357,-1.01455384156574,1,"T1_MBC_to_prePB"
"KLF16",-0.404731683542648,1.13892560935295,-0.734193925810303,1,"T2_prePB_to_PB"
"ATF7",1.15290802973899,-0.520755664601948,-0.632152365137039,1,"T1_MBC_to_prePB"
"CTCFL",1.10903035780167,-0.276057374008024,-0.832972983793649,1,"T1_MBC_to_prePB"
"CREM",1.13799403514985,-0.738487967104759,-0.399506068045089,1,"T1_MBC_to_prePB"
"TFE3",0.0773545381935438,0.959076310984826,-1.03643084917837,1,"T2_prePB_to_PB"
"KLF10",-0.0949041205359553,1.04406878997352,-0.949164669437565,1,"T2_prePB_to_PB"
"SP8",-0.593010007063013,1.15455765264014,-0.561547645577129,1,"T2_prePB_to_PB"
"FOSB::JUN",1.13576139727111,-0.748254023580169,-0.387507373690945,1,"T1_MBC_to_prePB"
"Klf12",-0.208139339314062,1.08768977496824,-0.879550435654178,1,"T2_prePB_to_PB"
"ZBTB7B",0.628798675239021,-1.15312406571165,0.524325390472633,1,"T1_MBC_to_prePB"
"CREB3",-0.077323607720893,1.03641718208036,-0.95909357435947,1,"T2_prePB_to_PB"
"IRF4",-0.971570878290886,-0.0546195213636266,1.02619039965451,1,"T3_PB_to_PC"
"KLF4",-1.02257518438935,0.975781934682626,0.0467932497067205,1,"T2_prePB_to_PB"
"TFEC",0.257319617821032,0.846194006137324,-1.10351362395836,1,"T2_prePB_to_PB"
"RFX2",-0.961318657319915,1.034644733988,-0.0733260766680651,1,"T2_prePB_to_PB"
"RFX5",1.1537597308849,-0.617239034676938,-0.536520696207971,1,"T1_MBC_to_prePB"
"IRF6",-1.0304173555698,0.0638994102029039,0.9665179453669,1,"T3_PB_to_PC"
"CREB3L4",0.110390438989466,0.94022452274207,-1.05061496173154,1,"T2_prePB_to_PB"
"ZIC4",0.431774493964227,0.711570617166685,-1.14334511113091,1,"T2_prePB_to_PB"
"MYBL1",-0.198761448667177,-0.885693087567223,1.0844545362344,1,"T3_PB_to_PC"
"FOS::JUN(var.2)",1.06059931666493,-0.134892504733284,-0.925706811931649,1,"T1_MBC_to_prePB"
"Wt1",-0.923110351689849,-0.139194737973031,1.06230508966288,1,"T3_PB_to_PC"
"GLIS2",-0.952858046834114,-0.0884126862128285,1.04127073304694,1,"T3_PB_to_PC"
"ZIC1",0.60022935235411,0.554164870241694,-1.1543942225958,1,"T1_MBC_to_prePB"
"JUN::JUNB",1.11613856304032,-0.814342633764817,-0.301795929275506,1,"T1_MBC_to_prePB"
"ZFP42",0.20086358778786,0.88432216742115,-1.08518575520901,1,"T2_prePB_to_PB"
"IRF9",-0.982988411183616,-0.0331965010240338,1.01618491220765,1,"T3_PB_to_PC"
"ZNF740",-1.00808905638781,0.0163793348559537,0.991709721531861,1,"T3_PB_to_PC"
"FOSL2::JUN",0.873410568926486,-1.09081955855121,0.217408989624729,1,"T1_MBC_to_prePB"
"TFEB",-0.0731961862045729,1.03458694010601,-0.961390753901441,1,"T2_prePB_to_PB"
"FOSB::JUNB",0.829408748906432,-1.11044918789281,0.281040438986382,1,"T1_MBC_to_prePB"
"FOSL2::JUNB",0.868247098504327,-1.09337329855368,0.225126200049353,1,"T1_MBC_to_prePB"
"JUND",0.815670027217237,-1.11565688740497,0.299986860187731,1,"T1_MBC_to_prePB"
"TFAP2C",-0.560051796375308,-0.594477669004949,1.15452946538026,1,"T3_PB_to_PC"
"TFAP2C(var.3)",-0.633311649613185,-0.519518359109755,1.15283000872294,1,"T3_PB_to_PC"
"NHLH1",-0.710950464730997,-0.432504511996045,1.14345497672704,1,"T3_PB_to_PC"
"POU5F1B",-0.883440345039423,1.08565329604068,-0.202212951001255,1,"T2_prePB_to_PB"
"ARNT::HIF1A",1.04396084232144,-0.0946523039315339,-0.949308538389901,1,"T1_MBC_to_prePB"
"MYOG",-0.51753578548961,-0.635165848118151,1.15270163360776,1,"T3_PB_to_PC"
"POU3F2",-1.04185414795658,0.952094037913673,0.089760110042903,1,"T2_prePB_to_PB"
"GCM2",-0.310217144965644,-0.808127635426237,1.11834478039188,1,"T3_PB_to_PC"
"HEY1",0.274537221263562,0.834056250372848,-1.10859347163641,1,"T2_prePB_to_PB"
"POU3F1",-1.07410834973849,0.904094281351553,0.170014068386937,1,"T2_prePB_to_PB"
"POU2F1",-1.07189410006583,0.907810302698525,0.164083797367305,1,"T2_prePB_to_PB"
"FOXO3",-0.803300534637948,-0.316702841039158,1.12000337567711,1,"T3_PB_to_PC"
"HOXD12",-1.09389532648403,0.226721554028072,0.867173772455957,1,"T3_PB_to_PC"
"NFIL3",-0.808121747846449,-0.310225084564832,1.11834683241128,1,"T3_PB_to_PC"
"POU2F3",-0.823658429650039,1.11267876604826,-0.289020336398226,1,"T2_prePB_to_PB"
"VEZF1",-1.06613775735341,0.148995042339102,0.917142715014307,1,"T3_PB_to_PC"
"PROX1",-0.840131946630789,-0.265961529185613,1.1060934758164,1,"T3_PB_to_PC"
"Rhox11",-0.223132444789534,-0.86958561807728,1.09271806286681,1,"T3_PB_to_PC"
"HOXC13",-0.177880848374094,-0.89912273312441,1.0770035814985,1,"T3_PB_to_PC"
"HOXC10",-0.554359465715349,-0.60003984460218,1.15439931031753,1,"T3_PB_to_PC"
"FOXG1",-1.133742939973,0.377213331363279,0.756529608609726,1,"T3_PB_to_PC"
"ALX3",-0.521338103143926,-0.631606094701719,1.15294419784564,1,"T3_PB_to_PC"
"Alx4",-0.577275041310485,-0.577425493801548,1.15470053511203,1,"T3_PB_to_PC"
"PHOX2A",-0.421346338452946,-0.720374867828663,1.14172120628161,1,"T3_PB_to_PC"
"MNX1",-0.323262979194704,-0.798381939846019,1.12164491904072,1,"T3_PB_to_PC"
"NFKB1",-0.145695442927696,-0.919160155739038,1.06485559866673,1,"T3_PB_to_PC"
"POU4F3",-0.373999962639006,-0.759093576929107,1.13309353956811,1,"T3_PB_to_PC"
"PITX3",-0.508912628652451,-0.643182784810247,1.1520954134627,1,"T3_PB_to_PC"
"DPRX",-0.601097157020623,-0.553273215464458,1.15437037248508,1,"T3_PB_to_PC"
"SP1",-0.174023739121521,1.07559004232537,-0.901566303203855,1,"T2_prePB_to_PB"
"ATF6",-0.145001285493127,1.06458479764674,-0.919583512153617,1,"T2_prePB_to_PB"
"FOS::JUND",0.878689289986098,-1.08813494142773,0.209445651441628,1,"T1_MBC_to_prePB"
"MYC",0.221883526570079,0.870422478715665,-1.09230600528575,1,"T2_prePB_to_PB"
"NHLH2",-1.0738986417243,0.169449279396808,0.904449362327492,1,"T3_PB_to_PC"
"POU3F4",-0.875067752710629,1.08998488687218,-0.21491713416155,1,"T2_prePB_to_PB"
"RREB1",-0.673499182379254,-0.475530618159867,1.14902980053912,1,"T3_PB_to_PC"
"NR2C2",-0.696806302415972,-0.448996204626364,1.14580250704234,1,"T3_PB_to_PC"
"POU2F2",-0.733955756991691,1.13897639538825,-0.405020638396555,1,"T2_prePB_to_PB"
"HOXB9",-0.847744646348878,-0.255095099416742,1.10283974576562,1,"T3_PB_to_PC"
"SRY",-0.66422567339746,-0.485874443825709,1.15010011722317,1,"T3_PB_to_PC"
NA,0,0,0,NA,"T1_MBC_to_prePB"
