"from","to","transition"
"JUN::JUNB","CCL17","T1"
"JUN::JUNB","TRAF1","T1"
"JUN::JUNB","DEK","T1"
"JUN::JUNB","CCR7","T1"
"JUN::JUNB","LTA","T1"
"JUN::JUNB","MIR155HG","T1"
"JUN::JUNB","CCL22","T1"
"JUN::JUNB","PEA15","T1"
"FOSL2::JUND(var.2)","CCL17","T1"
"FOSL2::JUND(var.2)","TRAF1","T1"
"FOSL2::JUND(var.2)","DEK","T1"
"FOSL2::JUND(var.2)","CCR7","T1"
"FOSL2::JUND(var.2)","LTA","T1"
"FOSL2::JUND(var.2)","MIR155HG","T1"
"FOSL2::JUND(var.2)","CCL22","T1"
"FOSL2::JUND(var.2)","PEA15","T1"
"FOSL2::JUN(var.2)","CCL17","T1"
"FOSL2::JUN(var.2)","TRAF1","T1"
"FOSL2::JUN(var.2)","DEK","T1"
"FOSL2::JUN(var.2)","CCR7","T1"
"FOSL2::JUN(var.2)","LTA","T1"
"FOSL2::JUN(var.2)","MIR155HG","T1"
"FOSL2::JUN(var.2)","CCL22","T1"
"FOSL2::JUN(var.2)","PEA15","T1"
"FOSB::JUN","CCL17","T1"
"FOSB::JUN","TRAF1","T1"
"FOSB::JUN","DEK","T1"
"FOSB::JUN","CCR7","T1"
"FOSB::JUN","LTA","T1"
"FOSB::JUN","MIR155HG","T1"
"FOSB::JUN","CCL22","T1"
"FOSB::JUN","PEA15","T1"
"ATF7","CCL17","T1"
"ATF7","TRAF1","T1"
"ATF7","DEK","T1"
"ATF7","CCR7","T1"
"ATF7","LTA","T1"
"ATF7","MIR155HG","T1"
"ATF7","CCL22","T1"
"ATF7","PEA15","T1"
"EGR1","CCL17","T1"
"EGR1","TRAF1","T1"
"EGR1","DEK","T1"
"EGR1","CCR7","T1"
"EGR1","LTA","T1"
"EGR1","MIR155HG","T1"
"EGR1","CCL22","T1"
"EGR1","PEA15","T1"
"CREM","CCL17","T1"
"CREM","TRAF1","T1"
"CREM","DEK","T1"
"CREM","CCR7","T1"
"CREM","LTA","T1"
"CREM","MIR155HG","T1"
"CREM","CCL22","T1"
"CREM","PEA15","T1"
"CTCF","CCL17","T1"
"CTCF","TRAF1","T1"
"CTCF","DEK","T1"
"CTCF","CCR7","T1"
"CTCF","LTA","T1"
"CTCF","MIR155HG","T1"
"CTCF","CCL22","T1"
"CTCF","PEA15","T1"
"CREB3L4(var.2)","CCL17","T1"
"CREB3L4(var.2)","TRAF1","T1"
"CREB3L4(var.2)","DEK","T1"
"CREB3L4(var.2)","CCR7","T1"
"CREB3L4(var.2)","LTA","T1"
"CREB3L4(var.2)","MIR155HG","T1"
"CREB3L4(var.2)","CCL22","T1"
"CREB3L4(var.2)","PEA15","T1"
"RFX5","CCL17","T1"
"RFX5","TRAF1","T1"
"RFX5","DEK","T1"
"RFX5","CCR7","T1"
"RFX5","LTA","T1"
"RFX5","MIR155HG","T1"
"RFX5","CCL22","T1"
"RFX5","PEA15","T1"
"RFX7","CCL17","T1"
"RFX7","TRAF1","T1"
"RFX7","DEK","T1"
"RFX7","CCR7","T1"
"RFX7","LTA","T1"
"RFX7","MIR155HG","T1"
"RFX7","CCL22","T1"
"RFX7","PEA15","T1"
"POU2F2","MS4A1","T2"
"POU2F2","LAPTM5","T2"
"POU2F2","LTB","T2"
"POU2F2","ZFP36L1","T2"
"POU2F2","HLA-DMB","T2"
"POU2F2","NFKBIA","T2"
"POU2F2","CD82","T2"
"POU2F2","ACTG1","T2"
"POU2F2","TUBA1B","T2"
"POU2F2","TYMS","T2"
"POU2F2","DUT","T2"
"POU2F2","LDHA","T2"
"POU2F2","TUBB","T2"
"POU2F2","ENO1","T2"
"POU2F2","HSPD1","T2"
"YY1","MS4A1","T2"
"YY1","LAPTM5","T2"
"YY1","LTB","T2"
"YY1","ZFP36L1","T2"
"YY1","HLA-DMB","T2"
"YY1","NFKBIA","T2"
"YY1","CD82","T2"
"YY1","ACTG1","T2"
"YY1","TUBA1B","T2"
"YY1","TYMS","T2"
"YY1","DUT","T2"
"YY1","LDHA","T2"
"YY1","TUBB","T2"
"YY1","ENO1","T2"
"YY1","HSPD1","T2"
"KLF2","MS4A1","T2"
"KLF2","LAPTM5","T2"
"KLF2","LTB","T2"
"KLF2","ZFP36L1","T2"
"KLF2","HLA-DMB","T2"
"KLF2","NFKBIA","T2"
"KLF2","CD82","T2"
"KLF2","ACTG1","T2"
"KLF2","TUBA1B","T2"
"KLF2","TYMS","T2"
"KLF2","DUT","T2"
"KLF2","LDHA","T2"
"KLF2","TUBB","T2"
"KLF2","ENO1","T2"
"KLF2","HSPD1","T2"
"KLF6","MS4A1","T2"
"KLF6","LAPTM5","T2"
"KLF6","LTB","T2"
"KLF6","ZFP36L1","T2"
"KLF6","HLA-DMB","T2"
"KLF6","NFKBIA","T2"
"KLF6","CD82","T2"
"KLF6","ACTG1","T2"
"KLF6","TUBA1B","T2"
"KLF6","TYMS","T2"
"KLF6","DUT","T2"
"KLF6","LDHA","T2"
"KLF6","TUBB","T2"
"KLF6","ENO1","T2"
"KLF6","HSPD1","T2"
"KLF16","MS4A1","T2"
"KLF16","LAPTM5","T2"
"KLF16","LTB","T2"
"KLF16","ZFP36L1","T2"
"KLF16","HLA-DMB","T2"
"KLF16","NFKBIA","T2"
"KLF16","CD82","T2"
"KLF16","ACTG1","T2"
"KLF16","TUBA1B","T2"
"KLF16","TYMS","T2"
"KLF16","DUT","T2"
"KLF16","LDHA","T2"
"KLF16","TUBB","T2"
"KLF16","ENO1","T2"
"KLF16","HSPD1","T2"
"EGR3","MS4A1","T2"
"EGR3","LAPTM5","T2"
"EGR3","LTB","T2"
"EGR3","ZFP36L1","T2"
"EGR3","HLA-DMB","T2"
"EGR3","NFKBIA","T2"
"EGR3","CD82","T2"
"EGR3","ACTG1","T2"
"EGR3","TUBA1B","T2"
"EGR3","TYMS","T2"
"EGR3","DUT","T2"
"EGR3","LDHA","T2"
"EGR3","TUBB","T2"
"EGR3","ENO1","T2"
"EGR3","HSPD1","T2"
"XBP1","MS4A1","T2"
"XBP1","LAPTM5","T2"
"XBP1","LTB","T2"
"XBP1","ZFP36L1","T2"
"XBP1","HLA-DMB","T2"
"XBP1","NFKBIA","T2"
"XBP1","CD82","T2"
"XBP1","ACTG1","T2"
"XBP1","TUBA1B","T2"
"XBP1","TYMS","T2"
"XBP1","DUT","T2"
"XBP1","LDHA","T2"
"XBP1","TUBB","T2"
"XBP1","ENO1","T2"
"XBP1","HSPD1","T2"
"BHLHE40","MS4A1","T2"
"BHLHE40","LAPTM5","T2"
"BHLHE40","LTB","T2"
"BHLHE40","ZFP36L1","T2"
"BHLHE40","HLA-DMB","T2"
"BHLHE40","NFKBIA","T2"
"BHLHE40","CD82","T2"
"BHLHE40","ACTG1","T2"
"BHLHE40","TUBA1B","T2"
"BHLHE40","TYMS","T2"
"BHLHE40","DUT","T2"
"BHLHE40","LDHA","T2"
"BHLHE40","TUBB","T2"
"BHLHE40","ENO1","T2"
"BHLHE40","HSPD1","T2"
"CREB3L1","MS4A1","T2"
"CREB3L1","LAPTM5","T2"
"CREB3L1","LTB","T2"
"CREB3L1","ZFP36L1","T2"
"CREB3L1","HLA-DMB","T2"
"CREB3L1","NFKBIA","T2"
"CREB3L1","CD82","T2"
"CREB3L1","ACTG1","T2"
"CREB3L1","TUBA1B","T2"
"CREB3L1","TYMS","T2"
"CREB3L1","DUT","T2"
"CREB3L1","LDHA","T2"
"CREB3L1","TUBB","T2"
"CREB3L1","ENO1","T2"
"CREB3L1","HSPD1","T2"
"SP3","MS4A1","T2"
"SP3","LAPTM5","T2"
"SP3","LTB","T2"
"SP3","ZFP36L1","T2"
"SP3","HLA-DMB","T2"
"SP3","NFKBIA","T2"
"SP3","CD82","T2"
"SP3","ACTG1","T2"
"SP3","TUBA1B","T2"
"SP3","TYMS","T2"
"SP3","DUT","T2"
"SP3","LDHA","T2"
"SP3","TUBB","T2"
"SP3","ENO1","T2"
"SP3","HSPD1","T2"
"SP8","MS4A1","T2"
"SP8","LAPTM5","T2"
"SP8","LTB","T2"
"SP8","ZFP36L1","T2"
"SP8","HLA-DMB","T2"
"SP8","NFKBIA","T2"
"SP8","CD82","T2"
"SP8","ACTG1","T2"
"SP8","TUBA1B","T2"
"SP8","TYMS","T2"
"SP8","DUT","T2"
"SP8","LDHA","T2"
"SP8","TUBB","T2"
"SP8","ENO1","T2"
"SP8","HSPD1","T2"
"RFX1","MS4A1","T2"
"RFX1","LAPTM5","T2"
"RFX1","LTB","T2"
"RFX1","ZFP36L1","T2"
"RFX1","HLA-DMB","T2"
"RFX1","NFKBIA","T2"
"RFX1","CD82","T2"
"RFX1","ACTG1","T2"
"RFX1","TUBA1B","T2"
"RFX1","TYMS","T2"
"RFX1","DUT","T2"
"RFX1","LDHA","T2"
"RFX1","TUBB","T2"
"RFX1","ENO1","T2"
"RFX1","HSPD1","T2"
"IRF3","IFI6","T3"
"IRF3","MX1","T3"
"IRF3","ISG15","T3"
"IRF3","XAF1","T3"
"IRF3","IGJ","T3"
"IRF3","IFI44L","T3"
"IRF3","RSAD2","T3"
"IRF3","IGHG2","T3"
"STAT2","IFI6","T3"
"STAT2","MX1","T3"
"STAT2","ISG15","T3"
"STAT2","XAF1","T3"
"STAT2","IGJ","T3"
"STAT2","IFI44L","T3"
"STAT2","RSAD2","T3"
"STAT2","IGHG2","T3"
"RELB","IFI6","T3"
"RELB","MX1","T3"
"RELB","ISG15","T3"
"RELB","XAF1","T3"
"RELB","IGJ","T3"
"RELB","IFI44L","T3"
"RELB","RSAD2","T3"
"RELB","IGHG2","T3"
"TFAP2A(var.3)","IFI6","T3"
"TFAP2A(var.3)","MX1","T3"
"TFAP2A(var.3)","ISG15","T3"
"TFAP2A(var.3)","XAF1","T3"
"TFAP2A(var.3)","IGJ","T3"
"TFAP2A(var.3)","IFI44L","T3"
"TFAP2A(var.3)","RSAD2","T3"
"TFAP2A(var.3)","IGHG2","T3"
"TFAP2B","IFI6","T3"
"TFAP2B","MX1","T3"
"TFAP2B","ISG15","T3"
"TFAP2B","XAF1","T3"
"TFAP2B","IGJ","T3"
"TFAP2B","IFI44L","T3"
"TFAP2B","RSAD2","T3"
"TFAP2B","IGHG2","T3"
"TFAP2C","IFI6","T3"
"TFAP2C","MX1","T3"
"TFAP2C","ISG15","T3"
"TFAP2C","XAF1","T3"
"TFAP2C","IGJ","T3"
"TFAP2C","IFI44L","T3"
"TFAP2C","RSAD2","T3"
"TFAP2C","IGHG2","T3"
"NFATC3","IFI6","T3"
"NFATC3","MX1","T3"
"NFATC3","ISG15","T3"
"NFATC3","XAF1","T3"
"NFATC3","IGJ","T3"
"NFATC3","IFI44L","T3"
"NFATC3","RSAD2","T3"
"NFATC3","IGHG2","T3"
"HOXC9","IFI6","T3"
"HOXC9","MX1","T3"
"HOXC9","ISG15","T3"
"HOXC9","XAF1","T3"
"HOXC9","IGJ","T3"
"HOXC9","IFI44L","T3"
"HOXC9","RSAD2","T3"
"HOXC9","IGHG2","T3"
"HOXC10","IFI6","T3"
"HOXC10","MX1","T3"
"HOXC10","ISG15","T3"
"HOXC10","XAF1","T3"
"HOXC10","IGJ","T3"
"HOXC10","IFI44L","T3"
"HOXC10","RSAD2","T3"
"HOXC10","IGHG2","T3"
"AIx4","IFI6","T3"
"AIx4","MX1","T3"
"AIx4","ISG15","T3"
"AIx4","XAF1","T3"
"AIx4","IGJ","T3"
"AIx4","IFI44L","T3"
"AIx4","RSAD2","T3"
"AIx4","IGHG2","T3"
"PLAG1","IFI6","T3"
"PLAG1","MX1","T3"
"PLAG1","ISG15","T3"
"PLAG1","XAF1","T3"
"PLAG1","IGJ","T3"
"PLAG1","IFI44L","T3"
"PLAG1","RSAD2","T3"
"PLAG1","IGHG2","T3"
"OVOL2","IFI6","T3"
"OVOL2","MX1","T3"
"OVOL2","ISG15","T3"
"OVOL2","XAF1","T3"
"OVOL2","IGJ","T3"
"OVOL2","IFI44L","T3"
"OVOL2","RSAD2","T3"
"OVOL2","IGHG2","T3"
