"tf","gene","module","Gain"
"BACH2","EMILIN2","brown",0.268919168856147
"BACH2","TTN","brown",0.169515806102619
"BACH2","DOPEY2","brown",0.12377051266808
"BACH2","MARCH1","brown",0.0371603275292186
"BACH2","HES1","brown",0.0205811450187502
"BACH2","C1orf162","brown",0.01708933507002
"BATF","GPX1","turquoise",0.286379935329435
"BATF","ATF5","turquoise",0.203507074481947
"BATF","GPATCH4","turquoise",0.202866462548339
"BATF","PSAT1","turquoise",0.196809924366382
"BATF","HILPDA","turquoise",0.189612990442274
"BATF","ENO1","turquoise",0.141824047858949
"BATF","CCT6A","turquoise",0.137420145862451
"BATF","SNX10","turquoise",0.132412850672075
"BATF","ALDOA","turquoise",0.12332950496617
"BATF","HN1","turquoise",0.120431975134696
"BATF","SELL","turquoise",0.120267259527314
"BATF","ETV5","turquoise",0.1186576449473
"BATF","HSPH1","turquoise",0.110635315464332
"BATF","TPM4","turquoise",0.108513597043387
"BATF","MSMO1","turquoise",0.107577468375919
"BATF","CCT5","turquoise",0.100606245433198
"BATF","TEAD4","turquoise",0.0980145538012505
"BATF","S100A11","turquoise",0.0910442044587652
"BATF","DKC1","turquoise",0.089943727861474
"BATF","RAB7L1","turquoise",0.0871092450569404
"BATF","GBP1","turquoise",0.0840214783679369
"BATF","ARL6IP5","turquoise",0.0829499514898109
"BATF","PFN1","turquoise",0.0807084387519487
"BATF","TXN","turquoise",0.0791951699804182
"BATF","PRMT1","turquoise",0.0737653702159824
"BATF","PTMS","turquoise",0.0726278439514813
"BATF","VIM","turquoise",0.070914995264094
"BATF","CCDC152","turquoise",0.0683673836097109
"BATF","IVNS1ABP","turquoise",0.067626533323217
"BATF","CCDC34","turquoise",0.0674243036230202
"BATF","HSPD1","turquoise",0.0647720472059626
"BATF","NOLC1","turquoise",0.0634412512402428
"BATF","ZYX","turquoise",0.0632383895430643
"BATF","ANKRD13B","turquoise",0.0580678410385088
"BATF","UBE2C","turquoise",0.0553866174982497
"BATF","MCM4","turquoise",0.0539032220049518
"BATF","EMP1","turquoise",0.0495748108677602
"BATF","TMSB4X","turquoise",0.0477382586665727
"BATF","CALM2","turquoise",0.0473527818603069
"BATF","HHLA2","turquoise",0.0459362867932358
"BATF","CCND3","turquoise",0.0439550177857613
"BATF","HMGCS1","turquoise",0.0407014135370275
"BATF","HLA-DQA1","turquoise",0.0392404256140511
"BATF","NME1","turquoise",0.0385725790720354
"BATF","CKS1B","turquoise",0.0382890277176618
"BATF","STK39","turquoise",0.032979997545373
"BATF","CLSPN","turquoise",0.0303616886633939
"BATF","SERPINB9","turquoise",0.0289808344995158
"BATF","GAPDH","turquoise",0.025632747545101
"BATF","PCNA","turquoise",0.0247684156654839
"BATF","CBX3","turquoise",0.0229902050959742
"BATF","LDHA","turquoise",0.0227054690939074
"BATF","NPM1","turquoise",0.0223630795359229
"BATF","ITGA2","turquoise",0.0220298623787609
"BATF","WDR76","turquoise",0.0210345793807012
"BATF","HMGA1","turquoise",0.0200985697260672
"BATF","LGALS3","turquoise",0.0196368156902957
"BATF","HCK","turquoise",0.0190301786763625
"BATF","NUF2","turquoise",0.018755581700945
"BATF","CCR1","turquoise",0.0158937222547922
"BATF","TOP2A","turquoise",0.0132263243393109
"BATF","KLHL21","turquoise",0.0131094042434552
"BATF","RRM2B","turquoise",0.0119136587025292
"BATF","EBI3","turquoise",0.0114817863394882
"BATF","NQO1","turquoise",0.0104474579175
"BATF3","RHOC","yellow",0.791243254282984
"BATF3","DGKG","yellow",0.657812311135177
"BATF3","B4GALT5","yellow",0.63877411774548
"BATF3","PFKFB3","yellow",0.599694668212975
"BATF3","RAB13","yellow",0.527745951625604
"BATF3","PKIG","yellow",0.517722141136539
"BATF3","AICDA","yellow",0.509283934294946
"BATF3","TTC39C","yellow",0.483134144187297
"BATF3","BHLHE40","yellow",0.438733420960313
"BATF3","BIRC3","yellow",0.288268241473729
"BATF3","EGR2","yellow",0.260483109011807
"BATF3","CD22","yellow",0.192899983204424
"BATF3","FSCN1","yellow",0.166757465192257
"BATF3","PRKCDBP","yellow",0.109816786038573
"BATF3","CCR7","yellow",0.108362921049372
"BATF3","TNFSF4","yellow",0.050862236646858
"BHLHE40","PRKCDBP","yellow",0.694041409653374
"BHLHE40","BATF3","yellow",0.519618301088519
"BHLHE40","CCR7","yellow",0.39539262394809
"BHLHE40","AHR","yellow",0.0873561825826419
"E2F7","PRR11","turquoise",0.530162852155321
"E2F7","COCH","turquoise",0.47542361007853
"E2F7","HELLS","turquoise",0.46780596121225
"E2F7","CDC25A","turquoise",0.419664188516659
"E2F7","MCM6","turquoise",0.389514561406119
"E2F7","SNRPG","turquoise",0.389309168987027
"E2F7","EZH2","turquoise",0.387078155444851
"E2F7","SPDL1","turquoise",0.384266781620773
"E2F7","LGALS1","turquoise",0.37018117472402
"E2F7","ZWILCH","turquoise",0.365736463158072
"E2F7","PKM","turquoise",0.359362173980251
"E2F7","MCM3","turquoise",0.35717706909765
"E2F7","WDR76","turquoise",0.344320338519509
"E2F7","AURKB","turquoise",0.332752732847648
"E2F7","KIFC1","turquoise",0.310749754727799
"E2F7","VIM","turquoise",0.304608363323262
"E2F7","CDCA4","turquoise",0.293336252010193
"E2F7","ARL13B","turquoise",0.29027824170838
"E2F7","KIF23","turquoise",0.264419610637483
"E2F7","LCP1","turquoise",0.245876829344193
"E2F7","HMGN2","turquoise",0.235672289082887
"E2F7","MYB","turquoise",0.22381031963841
"E2F7","RPL22L1","turquoise",0.222607088369089
"E2F7","CCL3","turquoise",0.21342742224724
"E2F7","EIF1AX","turquoise",0.211839331656732
"E2F7","CCND2","turquoise",0.20740969646477
"E2F7","NREP","turquoise",0.197540533724525
"E2F7","LDHA","turquoise",0.188227841360408
"E2F7","GGCT","turquoise",0.172425108383011
"E2F7","CENPA","turquoise",0.163841354074137
"E2F7","FDXR","turquoise",0.156382862284812
"E2F7","INSIG1","turquoise",0.148049933577416
"E2F7","FAM111B","turquoise",0.143309314229321
"E2F7","RFC3","turquoise",0.142479973445548
"E2F7","NAMPT","turquoise",0.135596553360878
"E2F7","ID2","turquoise",0.135544618595551
"E2F7","SGOL2","turquoise",0.133139694508771
"E2F7","CCT6A","turquoise",0.109754743679661
"E2F7","IVNS1ABP","turquoise",0.109638179225568
"E2F7","DPP4","turquoise",0.10948249460084
"E2F7","LIMA1","turquoise",0.101153074939319
"E2F7","MT2A","turquoise",0.0909834870460213
"E2F7","IL2RB","turquoise",0.0855766457735971
"E2F7","SLC43A3","turquoise",0.0767933025399988
"E2F7","PTMS","turquoise",0.0755194260758204
"E2F7","STK39","turquoise",0.0744464612239357
"E2F7","HIST1H2BJ","turquoise",0.0613421034267869
"E2F7","SLC7A5","turquoise",0.0591754502266565
"E2F7","XRCC5","turquoise",0.02713003766046
"E2F7","HSPE1","turquoise",0.0195982561989256
"E2F7","HOPX","turquoise",0.0181778874782192
"E2F7","CLECL1","turquoise",0.0126088357371323
"E2F7","CD226","turquoise",0.0119969504631785
"EBF1","UNC119","brown",0.0927891474943362
"EBF1","B3GNT7","brown",0.0732573276160971
"EBF1","FAM167A","brown",0.0712290077999783
"EBF1","CRIP2","brown",0.0600493062348262
"EBF1","FOS","brown",0.0461820331616523
"EBF1","GNAZ","brown",0.045958480301526
"EBF1","FGR","brown",0.0434600438966683
"EBF1","JUP","brown",0.0333657304457627
"EBF1","LYST","brown",0.031564010758528
"EBF1","ALPL","brown",0.0205796026473722
"EBF1","HLA-DMB","brown",0.0189669215609928
"EBF1","FCER2","brown",0.0142674648465933
"EBF1","DUSP2","brown",0.0129395719906736
"EGR2","FSCN1","yellow",0.455034735610502
"EGR2","TNF","yellow",0.311577160552971
"EGR2","SPIB","yellow",0.213598268614854
"EGR2","BATF3","yellow",0.115816401372229
"EGR2","TSPAN33","yellow",0.0657670099501009
"EGR2","DEK","yellow",0.032360983654016
"EGR2","DGKG","yellow",0.0130033915521745
"ESR1","C10orf10","blue",0.0203959220955716
"ESR1","SCNN1B","blue",0.0193196610222511
"ESR2","GNB3","blue",0.0725108674617143
"ESR2","COL7A1","blue",0.0556001395361772
"ESR2","LAG3","blue",0.048760238651657
"ESR2","H1F0","blue",0.0221172123390377
"ESR2","IGLL5","blue",0.0120664249649543
"ESR2","HGF","blue",0.0103802483557772
"ETS1","DNAJA1","turquoise",0.276419736254553
"ETS1","IL2RB","turquoise",0.245719283912711
"ETS1","PPID","turquoise",0.224208256092552
"ETS1","STK38L","turquoise",0.204220353240335
"ETS1","CAP1","turquoise",0.153321204413429
"ETS1","KIF5C","turquoise",0.143714624580958
"ETS1","CFL1","turquoise",0.139055460363834
"ETS1","KLHL23","turquoise",0.137844980190182
"ETS1","TPM4","turquoise",0.134814623272182
"ETS1","MID1IP1","turquoise",0.124160118546371
"ETS1","GLO1","turquoise",0.116036258316293
"ETS1","SSBP1","turquoise",0.110313145198019
"ETS1","CCT7","turquoise",0.107456162149419
"ETS1","ODC1","turquoise",0.10735646523776
"ETS1","SSRP1","turquoise",0.106207710290135
"ETS1","SNRPE","turquoise",0.0915531026898711
"ETS1","CCND3","turquoise",0.0882434892278655
"ETS1","DPYSL2","turquoise",0.0816949141826811
"ETS1","NCL","turquoise",0.0768411843606716
"ETS1","NPM3","turquoise",0.0694011670898188
"ETS1","TUBB3","turquoise",0.0686463221681589
"ETS1","SNRPG","turquoise",0.0645507641998897
"ETS1","PRDX3","turquoise",0.0605360021415415
"ETS1","SEPW1","turquoise",0.057704232593292
"ETS1","CCT5","turquoise",0.0576095636358885
"ETS1","PPIA","turquoise",0.0542064401239895
"ETS1","PAPD5","turquoise",0.0488457805111875
"ETS1","PRR19","turquoise",0.0487807273598699
"ETS1","GPX1","turquoise",0.0428102164280013
"ETS1","TMEM173","turquoise",0.0415229215184556
"ETS1","WDR65","turquoise",0.0341165579802147
"ETS1","G0S2","turquoise",0.0270249452893704
"ETS1","HMGCS1","turquoise",0.025799709064532
"ETS1","TUBB4B","turquoise",0.0228870273001693
"ETS1","DDX21","turquoise",0.0208437804806305
"ETS1","LAPTM4B","turquoise",0.0132936639190915
"ETV5","ACTR3","turquoise",0.398445720711586
"ETV5","SNRPE","turquoise",0.378982045248817
"ETV5","PPID","turquoise",0.344900440265086
"ETV5","DUSP4","turquoise",0.34274939722582
"ETV5","CHORDC1","turquoise",0.337117041348416
"ETV5","NCL","turquoise",0.33685367980316
"ETV5","IL2RB","turquoise",0.329795195140201
"ETV5","PRDX3","turquoise",0.323895372280044
"ETV5","MT2A","turquoise",0.290178478913114
"ETV5","STK38L","turquoise",0.28400605902183
"ETV5","MRPL37","turquoise",0.278343111622673
"ETV5","DUT","turquoise",0.273116466864423
"ETV5","CCNB2","turquoise",0.253480471252978
"ETV5","HSPA8","turquoise",0.205339446303693
"ETV5","CAP1","turquoise",0.204006459437257
"ETV5","RPL22L1","turquoise",0.199406116047838
"ETV5","CCT4","turquoise",0.197145761832425
"ETV5","KLHL23","turquoise",0.194808891068927
"ETV5","FABP5","turquoise",0.181123237935844
"ETV5","SERBP1","turquoise",0.180104595012304
"ETV5","TPM4","turquoise",0.164040915234199
"ETV5","BZW2","turquoise",0.163163000324893
"ETV5","DNAJA1","turquoise",0.160894602600571
"ETV5","HSP90AA1","turquoise",0.153486463225804
"ETV5","ODC1","turquoise",0.147529250544399
"ETV5","RAN","turquoise",0.140754837177837
"ETV5","WARS","turquoise",0.136699636416667
"ETV5","CKS2","turquoise",0.127575332541699
"ETV5","SSBP1","turquoise",0.122506001726299
"ETV5","CCT7","turquoise",0.118115285828536
"ETV5","SLC41A1","turquoise",0.116635236070981
"ETV5","DPYSL2","turquoise",0.106991695798394
"ETV5","PA2G4","turquoise",0.106418236911791
"ETV5","TMEM99","turquoise",0.101445260830696
"ETV5","DLGAP5","turquoise",0.0985779651513761
"ETV5","PPARG","turquoise",0.0976952943330383
"ETV5","GINS2","turquoise",0.0937005834401823
"ETV5","CDC20","turquoise",0.0887817271132102
"ETV5","NPDC1","turquoise",0.0825758230109205
"ETV5","CFL1","turquoise",0.0716595968160696
"ETV5","WDR65","turquoise",0.0705755926518973
"ETV5","GLO1","turquoise",0.0624743363528898
"ETV5","TMEM97","turquoise",0.0560691133673461
"ETV5","AQP3","turquoise",0.0523041587099069
"ETV5","ENO1","turquoise",0.0491965448398938
"ETV5","DHFR","turquoise",0.0462625006020079
"ETV5","MYB","turquoise",0.0459707182513234
"ETV5","SH2D2A","turquoise",0.037974916012147
"ETV5","ZWILCH","turquoise",0.0344072830540422
"ETV5","TPX2","turquoise",0.0326633423386832
"ETV5","TPM3","turquoise",0.0235551517692577
"ETV5","HELLS","turquoise",0.0194625489907372
"ETV5","GAPDH","turquoise",0.0154196946283264
"ETV5","NME1","turquoise",0.0140632174815134
"FOS","ID3","brown",0.129616162716956
"FOS","NR4A1","brown",0.112273390060699
"FOS","EMILIN2","brown",0.085727287565154
"FOS","MS4A7","brown",0.0506522407886601
"FOS","LRRK2","brown",0.037768943610719
"FOS","RGS2","brown",0.0288940196892852
"FOS","C1orf162","brown",0.0115102508028641
"FOSL1","TNFRSF8","turquoise",0.244004869947456
"FOSL1","PERP","turquoise",0.198301950947489
"FOSL1","ZBED2","turquoise",0.166013672371419
"FOSL1","HDGFRP3","turquoise",0.154016179303911
"FOSL1","RCAN2","turquoise",0.152472294906297
"FOSL1","CD163L1","turquoise",0.150560904310397
"FOSL1","ITGA2","turquoise",0.148764451705971
"FOSL1","RRM2B","turquoise",0.134215830896516
"FOSL1","GPX1","turquoise",0.114765809358376
"FOSL1","G0S2","turquoise",0.0835352429145701
"FOSL1","FNIP2","turquoise",0.0767074773419312
"FOSL1","ANKRD13B","turquoise",0.0641820232558056
"FOSL1","FUT7","turquoise",0.0631355627566922
"FOSL1","KCNMA1","turquoise",0.0596134057038347
"FOSL1","TUBA1A","turquoise",0.0483065872909891
"FOSL1","CCDC152","turquoise",0.0441903262425764
"FOSL1","NQO1","turquoise",0.0396251213284968
"FOSL1","UBE2C","turquoise",0.0256969333167485
"FOSL1","CCT5","turquoise",0.0189750340574217
"FOSL1","NPM1","turquoise",0.0176593563463403
"FOSL1","MGST1","turquoise",0.0168653758645509
"FOSL1","RRM2","turquoise",0.0149447218399766
"FOSL1","HTR3A","turquoise",0.0148734731541927
"FOSL1","MT2A","turquoise",0.013846614288344
"FOSL1","MYB","turquoise",0.0137237382339892
"FOSL1","F2R","turquoise",0.0132990573269826
"FOSL1","BLOC1S2","turquoise",0.0130635586978774
"FOSL1","HMGA1","turquoise",0.013051109257274
"FOSL1","SELL","turquoise",0.012035926384759
"HES1","ZNF703","brown",0.34427621434399
"HES1","C1orf228","brown",0.0897563620012574
"HES1","BACH2","brown",0.0342004729922821
"HES1","FAM167A","brown",0.0309311961531708
"HES1","KLF6","brown",0.0227176835346145
"HES1","CD72","brown",0.0215762060457388
"HES1","FCER2","brown",0.0142356555031744
"IRF4","DDX60","blue",0.0911259851532806
"IRF4","SCNN1B","blue",0.0741157610480176
"IRF4","IFI27","blue",0.0428864162957281
"IRF4","HIST1H2AC","blue",0.0376278077348246
"IRF4","CHAC1","blue",0.0260218387250825
"IRF4","BATF2","blue",0.0140903223726272
"IRF4","NUB1","blue",0.0126443245701476
"IRF9","HFE","blue",0.0617203837323839
"IRF9","BATF2","blue",0.0576396778242147
"IRF9","SESN1","blue",0.0390344199237536
"IRF9","IFI27","blue",0.0162308018694177
"JUNB","NR4A1","brown",0.352104369442074
"JUNB","GNAZ","brown",0.221200645055521
"JUNB","RGS2","brown",0.0798219621033261
"JUNB","PPAP2B","brown",0.0478487336386176
"JUNB","ID3","brown",0.0408514069866533
"JUNB","HES1","brown",0.0378742302539687
"JUNB","DOPEY2","brown",0.0361377041691818
"JUNB","KLF6","brown",0.0234956120102503
"JUNB","EMILIN2","brown",0.023100375180563
"JUNB","RUNX3","brown",0.0144566543050334
"JUNB","ANK3","brown",0.0111356060720731
"KLF2","DUSP8","brown",0.640863571346785
"KLF2","TSC22D3","brown",0.558090867057645
"KLF2","RHOB","brown",0.535435404042628
"KLF2","NR4A2","brown",0.434827417658533
"KLF2","CRIP2","brown",0.413894829696762
"KLF2","CD52","brown",0.383312939117393
"KLF2","CDKN2D","brown",0.321146121805432
"KLF2","KIF13A","brown",0.282367414399987
"KLF2","EBF1","brown",0.24382177355758
"KLF2","DLL1","brown",0.216575222284573
"KLF2","JUP","brown",0.155610992844477
"KLF2","BACH2","brown",0.129506936039877
"KLF2","MPEG1","brown",0.128073521481394
"KLF2","HES1","brown",0.116738333914498
"KLF2","FGR","brown",0.106030133311795
"KLF2","NXPH4","brown",0.104025510195724
"KLF2","MPP7","brown",0.10197341629955
"KLF2","FOS","brown",0.100527713117982
"KLF2","PLD4","brown",0.0954137079777028
"KLF2","CCDC6","brown",0.0934782343095591
"KLF2","GRASP","brown",0.066081579184145
"KLF2","RGS2","brown",0.0534328420096082
"KLF2","C1orf228","brown",0.0533575272320082
"KLF2","FAM167A","brown",0.0509348584833601
"KLF2","PIKFYVE","brown",0.0505015444202709
"KLF2","ZNF703","brown",0.049796290445301
"KLF2","SYCP2","brown",0.0461542590781877
"KLF2","LAPTM5","brown",0.0420194853575224
"KLF2","B3GNT7","brown",0.0404258145432774
"KLF2","HS3ST3B1","brown",0.0337116692926364
"KLF2","KLF6","brown",0.0232122426461516
"KLF2","NCKAP5L","brown",0.021611435394301
"KLF2","CCSER2","brown",0.0186891118411554
"KLF2","IFIT2","brown",0.0148712698784124
"KLF2","TCF7","brown",0.013043549554456
"KLF2","IL6","brown",0.0114592698494661
"KLF2","TRIM22","brown",0.0593745215806618
"KLF6","JUNB","brown",0.829539005142737
"KLF6","KLF2","brown",0.823797837610477
"KLF6","ZC3H12A","brown",0.807628261473661
"KLF6","LAPTM5","brown",0.759798018740045
"KLF6","REL","brown",0.722099704066929
"KLF6","ZFP36L1","brown",0.703488565169582
"KLF6","FCER2","brown",0.65558376508844
"KLF6","PMAIP1","brown",0.651799049576806
"KLF6","NFKBIA","brown",0.624393341101394
"KLF6","SPOCK2","brown",0.588967795634948
"KLF6","RUNX3","brown",0.565858412847395
"KLF6","MPEG1","brown",0.536843536078444
"KLF6","CDKN2D","brown",0.517432329213558
"KLF6","LTB","brown",0.489177244717376
"KLF6","GRASP","brown",0.447913751184691
"KLF6","EBF1","brown",0.407041948286784
"KLF6","TNFSF9","brown",0.399394401894602
"KLF6","KLF7","brown",0.369740980530788
"KLF6","UNC119","brown",0.350925716977516
"KLF6","FOS","brown",0.349945325579952
"KLF6","JUP","brown",0.322510399664619
"KLF6","RHOB","brown",0.316651305143234
"KLF6","PIKFYVE","brown",0.306163262830643
"KLF6","NR4A1","brown",0.302347294498199
"KLF6","MPP7","brown",0.287667795633648
"KLF6","RAB11FIP1","brown",0.275673763806289
"KLF6","CCDC141","brown",0.217773403614263
"KLF6","TCF7","brown",0.193742911342527
"KLF6","NFKBIE","brown",0.177054962301507
"KLF6","CD52","brown",0.172115095005699
"KLF6","NXPH4","brown",0.169131186114321
"KLF6","NFKBID","brown",0.143741452123071
"KLF6","KIF13A","brown",0.140162701300668
"KLF6","TMOD2","brown",0.139140156584809
"KLF6","CCSER2","brown",0.121312023735613
"KLF6","DOPEY2","brown",0.104404101760352
"KLF6","C20orf195","brown",0.0979741292656829
"KLF6","DUSP8","brown",0.0814242573923134
"KLF6","B3GNT7","brown",0.0728336240576676
"KLF6","GNAZ","brown",0.0662064509972216
"KLF6","IL6","brown",0.0658792796229179
"KLF6","FAM167A","brown",0.046628065989989
"KLF6","CDK5R1","brown",0.0438702449278507
"KLF6","CD72","brown",0.0321007455735044
"KLF6","CAMK2N1","brown",0.028574878456351
"KLF6","NR4A3","brown",0.0278806090156068
"KLF6","BBC3","brown",0.0276105019425064
"KLF6","TRIM22","brown",0.0160941852941529
"KLF6","RGS2","brown",0.013304109186808
"KLF6","C1orf228","brown",0.0121136392667717
"MSC","TPI1","turquoise",0.344075170322179
"MSC","ADCY1","turquoise",0.254973449959031
"MSC","DLGAP5","turquoise",0.236218026105144
"MSC","CD86","turquoise",0.227334499863079
"MSC","MRPL37","turquoise",0.178383828115295
"MSC","CCR5","turquoise",0.176575796399763
"MSC","CORO2A","turquoise",0.168369516559995
"MSC","NCL","turquoise",0.163509856915615
"MSC","SYT11","turquoise",0.144252134300356
"MSC","CCDC34","turquoise",0.138694235687765
"MSC","BCAT1","turquoise",0.135189483222808
"MSC","PKM","turquoise",0.135061108411392
"MSC","GYG1","turquoise",0.126108764659734
"MSC","CDK1","turquoise",0.122471497122599
"MSC","F2R","turquoise",0.119760420559096
"MSC","ACTR3","turquoise",0.114603473012162
"MSC","LGALS1","turquoise",0.0980812525737959
"MSC","AC099552.4","turquoise",0.0976672523926576
"MSC","KCNMA1","turquoise",0.0916758122450533
"MSC","PHLDA3","turquoise",0.0874566255328885
"MSC","TUBA1C","turquoise",0.0866558859467862
"MSC","PPP2R3C","turquoise",0.0825197428919739
"MSC","HPGD","turquoise",0.0759260697114283
"MSC","RRM2","turquoise",0.067882859224619
"MSC","BZW2","turquoise",0.0676873487265379
"MSC","MCM6","turquoise",0.0656914604370021
"MSC","ATF5","turquoise",0.0595259676413789
"MSC","PPID","turquoise",0.0534149958281551
"MSC","NPM3","turquoise",0.0511717057727866
"MSC","ZWINT","turquoise",0.0473027656300079
"MSC","GGCT","turquoise",0.044258959081882
"MSC","DCTPP1","turquoise",0.0424054928883188
"MSC","GINS2","turquoise",0.0400398577886619
"MSC","TUBA1A","turquoise",0.038831098460031
"MSC","ACOT7","turquoise",0.0387594641168721
"MSC","YBX3","turquoise",0.0381229411651085
"MSC","SLC29A1","turquoise",0.0368479147029441
"MSC","HIST1H2BJ","turquoise",0.036397966883925
"MSC","GLO1","turquoise",0.036119073193123
"MSC","TPX2","turquoise",0.0350251997980723
"MSC","CCT7","turquoise",0.0348794412577302
"MSC","PAPD5","turquoise",0.0336717288721035
"MSC","LDHA","turquoise",0.0324865366612229
"MSC","PLEK","turquoise",0.0322451378406467
"MSC","TMEM97","turquoise",0.0311848884278393
"MSC","BATF","turquoise",0.0311302411369912
"MSC","CCR1","turquoise",0.0301996645997761
"MSC","CERS6","turquoise",0.0298658901853894
"MSC","AURKA","turquoise",0.029044525290461
"MSC","CCDC86","turquoise",0.0244626427210309
"MSC","GPR132","turquoise",0.0204210689684191
"MSC","GATM","turquoise",0.0158441235869264
"MSC","KLHL23","turquoise",0.0144850296310022
"MSC","CLECL1","turquoise",0.0122925216117094
"MYB","ACOT7","turquoise",0.761007526930202
"MYB","SLC29A1","turquoise",0.748000054030526
"MYB","ESCO2","turquoise",0.677665492065176
"MYB","GMNN","turquoise",0.606213497498281
"MYB","KIF4A","turquoise",0.595815316883458
"MYB","CD70","turquoise",0.595423247265476
"MYB","CCDC86","turquoise",0.593285104445665
"MYB","TPX2","turquoise",0.570963485107629
"MYB","TTLL12","turquoise",0.568656234618401
"MYB","DHCR24","turquoise",0.558547694850878
"MYB","ABCE1","turquoise",0.556566661383013
"MYB","TMEM97","turquoise",0.549711503074186
"MYB","SRSF2","turquoise",0.53845668550463
"MYB","RANBP1","turquoise",0.520907802305445
"MYB","PGK1","turquoise",0.507820161168543
"MYB","ID2","turquoise",0.489461744242319
"MYB","NUF2","turquoise",0.488127080794436
"MYB","TUBA1C","turquoise",0.463461950226975
"MYB","XRCC5","turquoise",0.4509165489711
"MYB","SEPW1","turquoise",0.44499816192921
"MYB","STK39","turquoise",0.443232106361993
"MYB","MZT1","turquoise",0.425848881398268
"MYB","HK1","turquoise",0.410506484657047
"MYB","CCT4","turquoise",0.403030602749283
"MYB","ACTB","turquoise",0.401216864227773
"MYB","HSPA8","turquoise",0.386195052414075
"MYB","TUBB3","turquoise",0.384099731455587
"MYB","SET","turquoise",0.363696145354954
"MYB","CFL1","turquoise",0.336772357928268
"MYB","ALDOA","turquoise",0.325684254284191
"MYB","HSP90AA1","turquoise",0.32189516510774
"MYB","HIST1H4C","turquoise",0.320514656216477
"MYB","CERS6","turquoise",0.320075417619166
"MYB","LGALS3","turquoise",0.318359783149748
"MYB","SLC39A14","turquoise",0.294007911900327
"MYB","PERP","turquoise",0.289433372444719
"MYB","G0S2","turquoise",0.288959571866165
"MYB","MTDH","turquoise",0.284863429490889
"MYB","ARPC5","turquoise",0.271583806206918
"MYB","PRMT1","turquoise",0.260289458963874
"MYB","PRR19","turquoise",0.252135097273574
"MYB","ACTN1","turquoise",0.237387047169824
"MYB","FAM107B","turquoise",0.234050363963311
"MYB","MGST1","turquoise",0.215328474923045
"MYB","HSPH1","turquoise",0.200829956642973
"MYB","FHL2","turquoise",0.17838886947207
"MYB","GPR132","turquoise",0.173392704007952
"MYB","CCNA1","turquoise",0.153739098744965
"MYB","CCR1","turquoise",0.124724331653252
"MYB","PSAT1","turquoise",0.0934111062119904
"MYB","FAM111B","turquoise",0.0910126831250531
"MYB","LPXN","turquoise",0.064006827584121
"MYB","AC099552.4","turquoise",0.0594077457184683
"MYB","KIFC1","turquoise",0.0547804676524495
"MYB","APOBEC3B","turquoise",0.0446143828083824
"MYB","CCL5","turquoise",0.0430562331662636
"MYB","PLEK","turquoise",0.0324816769206907
"MYB","CCND3","turquoise",0.0136423979116045
"NR4A1","SYCP2","brown",0.0677972684378065
"NR4A1","SESN3","brown",0.0664066238828374
"NR4A1","TFEC","brown",0.0549906434354384
"NR4A1","CD83","brown",0.034940182164188
"NR4A1","PPAP2B","brown",0.0343665833459165
"NR4A1","IL6","brown",0.0331114006884529
"NR4A1","REL","brown",0.0124522351366664
"NR4A2","NFKBID","brown",0.188851805830166
"NR4A2","GRASP","brown",0.138945363045958
"NR4A2","IL6","brown",0.0445024837445461
"NR4A2","LRRK2","brown",0.0390060209149632
"NR4A2","C1orf228","brown",0.0377869120382172
"NR4A2","CD52","brown",0.0210241066801026
"ONECUT2","SLC16A9","turquoise",0.254013286027063
"ONECUT2","SOX2","turquoise",0.227042815333777
"ONECUT2","PPARG","turquoise",0.220234210511928
"ONECUT2","CD163L1","turquoise",0.154090295281387
"ONECUT2","DPP4","turquoise",0.146746859921021
"ONECUT2","DSE","turquoise",0.137041666061448
"ONECUT2","ZBED2","turquoise",0.103036426875765
"ONECUT2","CMTM3","turquoise",0.100528698498568
"ONECUT2","CD226","turquoise",0.0663314626942124
"ONECUT2","EXO1","turquoise",0.0588825971653636
"ONECUT2","CLECL1","turquoise",0.0530055100031713
"ONECUT2","C1QBP","turquoise",0.0506063613277181
"ONECUT2","BCAT1","turquoise",0.04752142867261
"ONECUT2","LSM2","turquoise",0.0468555837624504
"ONECUT2","BCAS4","turquoise",0.045696455493156
"ONECUT2","DUSP4","turquoise",0.0430162031303695
"ONECUT2","FHL2","turquoise",0.0412555847274652
"ONECUT2","CD70","turquoise",0.0400580022346503
"ONECUT2","LAPTM4B","turquoise",0.0369103320995192
"ONECUT2","SOX4","turquoise",0.0338058581545541
"ONECUT2","ARL13B","turquoise",0.0306761112696436
"ONECUT2","CCNE2","turquoise",0.0206715312541343
"ONECUT2","GPX1","turquoise",0.0204220806636087
"ONECUT2","MLTK","turquoise",0.018560528937171
"ONECUT2","CDC20","turquoise",0.0169159232115185
"ONECUT2","PPM1G","turquoise",0.0162092027456445
"PAX5","CD80","yellow",0.138656793912953
"PAX5","BATF3","yellow",0.136785902795552
"PAX5","GRAMD1B","yellow",0.109552012531558
"PAX5","BHLHE40","yellow",0.0641758855713496
"PAX5","PFKFB3","yellow",0.0282857421834875
"POU3F1","GNAZ","brown",0.205956344015302
"POU3F1","IL6","brown",0.101621612728568
"POU3F1","IFIT2","brown",0.0255487657431307
"POU3F1","NR4A1","brown",0.0191235207694314
"POU3F1","GPR18","brown",0.0150532390675787
"PPARG","ANXA3","turquoise",0.351159551228641
"PPARG","TUBB3","turquoise",0.302932942010125
"PPARG","SH2D2A","turquoise",0.294750563780223
"PPARG","ONECUT2","turquoise",0.259155570959186
"PPARG","FOSL1","turquoise",0.217053635472741
"PPARG","MLTK","turquoise",0.212868832160618
"PPARG","HDGFRP3","turquoise",0.206305446462252
"PPARG","IL10","turquoise",0.178053795458916
"PPARG","STEAP3","turquoise",0.175604920551062
"PPARG","FNIP2","turquoise",0.14569927032358
"PPARG","DPP4","turquoise",0.145658394616466
"PPARG","DOK1","turquoise",0.108663301334033
"PPARG","HK1","turquoise",0.0953747499532961
"PPARG","WDR65","turquoise",0.0886961218849327
"PPARG","TFRC","turquoise",0.0886927758276374
"PPARG","BCAS4","turquoise",0.0831712737203299
"PPARG","CCNA2","turquoise",0.0766077149174474
"PPARG","AC099552.4","turquoise",0.070875960360217
"PPARG","CKS2","turquoise",0.0675353728012168
"PPARG","EBI3","turquoise",0.0651170265751384
"PPARG","KIF20A","turquoise",0.0584500463605629
"PPARG","CCL5","turquoise",0.0434829728530307
"PPARG","CCDC86","turquoise",0.0427830615407675
"PPARG","CMTM3","turquoise",0.0400853378937859
"PPARG","SNRPE","turquoise",0.0297685100790937
"PPARG","PDGFRA","turquoise",0.0265320466903492
"PPARG","ATIC","turquoise",0.0255177205587743
"PPARG","HSPE1","turquoise",0.0252000294077975
"PPARG","FABP5","turquoise",0.0218987275349295
"PPARG","HSPA1A","turquoise",0.0214105648859982
"PPARG","CERS6","turquoise",0.0197703151406548
"PPARG","ZBTB32","turquoise",0.0176143623516571
"PPARG","SNTA1","turquoise",0.0175266282206316
"PPARG","NOP16","turquoise",0.0150165976108085
"PPARG","BZW2","turquoise",0.0125864416426179
"PPARG","ANKRD13B","turquoise",0.0112476755853349
"PPARG","PRC1","turquoise",0.010926706444278
"PPARG","TYMS","turquoise",0.0103644111984009
"REL","CD83","brown",0.741303114892062
"REL","CD69","brown",0.611606887687565
"REL","NR4A3","brown",0.335908035164788
"REL","TFEC","brown",0.318926979914534
"REL","NFKBID","brown",0.315646850058941
"REL","NR4A2","brown",0.300242586473543
"REL","NFKBIA","brown",0.249639351348224
"REL","DLL1","brown",0.220925704025391
"REL","NFKBIE","brown",0.135999273821153
"REL","HES1","brown",0.121875782158589
"REL","PPAP2B","brown",0.108534166375542
"REL","CD52","brown",0.0687520845311961
"REL","MS4A7","brown",0.0570526269512649
"REL","CXCR5","brown",0.0506816116974639
"REL","DUSP2","brown",0.0419325532846071
"REL","NXPH4","brown",0.0326863778767096
"REL","MPEG1","brown",0.0309544883948787
"REL","FGR","brown",0.0257306311549215
"REL","UNC119","brown",0.0216208767637848
"REL","LTB","brown",0.0192401174194631
"REL","EBF1","brown",0.0157813363722425
"REL","POU3F1","brown",0.0128823354988263
"REL","FAM167A","brown",0.0128021762839148
"RUNX3","TRIM22","brown",0.343367555004371
"RUNX3","CCSER2","brown",0.269744001889929
"RUNX3","FCRL3","brown",0.166320752402297
"RUNX3","TCF7","brown",0.159115306678651
"RUNX3","PMAIP1","brown",0.154965863083582
"RUNX3","C1orf162","brown",0.154489983034134
"RUNX3","CXCR5","brown",0.127939023831158
"RUNX3","PLAC8","brown",0.119025788410888
"RUNX3","NFKBIE","brown",0.106567253956128
"RUNX3","NCKAP5L","brown",0.0674686045885417
"RUNX3","HLA-DMB","brown",0.0534093891113172
"RUNX3","B3GNT7","brown",0.0530498929411774
"RUNX3","CD72","brown",0.0523636515447702
"RUNX3","CXCL16","brown",0.0329705988914348
"RUNX3","KIF13A","brown",0.0213959706977889
"RUNX3","CCDC6","brown",0.014878358858592
"RUNX3","FCER2","brown",0.0143851931044418
"RUNX3","MS4A1","brown",0.0122304258845811
"SOX2","DUSP6","turquoise",0.519652391640821
"SOX2","GYG1","turquoise",0.291108167508524
"SOX2","ONECUT2","turquoise",0.247911315684226
"SOX2","CYCS","turquoise",0.22209445443729
"SOX2","CCNE2","turquoise",0.164085376460596
"SOX2","PRDX3","turquoise",0.163436156378642
"SOX2","EHD3","turquoise",0.135987034523905
"SOX2","PLK1","turquoise",0.132380672675136
"SOX2","PRR5L","turquoise",0.119638398682333
"SOX2","SNRPE","turquoise",0.118037808255203
"SOX2","MT1E","turquoise",0.113117935673859
"SOX2","GATM","turquoise",0.10669133621087
"SOX2","CCDC34","turquoise",0.101186320195764
"SOX2","CCR1","turquoise",0.100982991739415
"SOX2","ACTG1","turquoise",0.0967498104985569
"SOX2","CCNB2","turquoise",0.0836420391752345
"SOX2","LAPTM4B","turquoise",0.0808974110521204
"SOX2","SLC25A5","turquoise",0.0773862565668827
"SOX2","ARPC4","turquoise",0.074815770438542
"SOX2","SNRPG","turquoise",0.0747808057124572
"SOX2","CCDC86","turquoise",0.0733781954995019
"SOX2","PIK3R6","turquoise",0.0707969057192859
"SOX2","NGFRAP1","turquoise",0.0691119699296005
"SOX2","PPP2R3C","turquoise",0.0589725615646349
"SOX2","CD226","turquoise",0.0519468962445302
"SOX2","LDHB","turquoise",0.047329921684108
"SOX2","ZBED2","turquoise",0.0472682590133385
"SOX2","HSPE1","turquoise",0.0440697607556217
"SOX2","GPATCH4","turquoise",0.0435217703083165
"SOX2","HIST1H1B","turquoise",0.0434044171223767
"SOX2","TTLL12","turquoise",0.040925329528704
"SOX2","DKC1","turquoise",0.0388532699363243
"SOX2","MTDH","turquoise",0.0372844807462376
"SOX2","TXN","turquoise",0.0350197135510137
"SOX2","KLHL21","turquoise",0.0346795536668754
"SOX2","DHCR24","turquoise",0.0300134491100788
"SOX2","ABCE1","turquoise",0.0257627968909968
"SOX2","SSBP1","turquoise",0.0252250057072973
"SOX2","HSPA8","turquoise",0.0211725727231125
"SOX2","TYMS","turquoise",0.0200921020535849
"SOX2","KYNU","turquoise",0.0193853742764918
"SOX2","ZWINT","turquoise",0.0186335806702832
"SOX2","STK38L","turquoise",0.0169069618739576
"SOX2","GINS2","turquoise",0.0153733282481414
"SOX2","INSIG1","turquoise",0.0150373471618957
"SOX2","NREP","turquoise",0.0141418770147398
"SOX2","MCM4","turquoise",0.0133234721585727
"SOX2","IL10","turquoise",0.0127276457062054
"SOX2","HMMR","turquoise",0.0115832868836028
"SOX2","SERPINB1","turquoise",0.0104166738691645
"SOX4","HCK","turquoise",0.467968378840507
"SOX4","AK4","turquoise",0.456140196220895
"SOX4","KCNMA1","turquoise",0.418237706872256
"SOX4","ZBED2","turquoise",0.401671142605388
"SOX4","TNIK","turquoise",0.400396854487772
"SOX4","EHD3","turquoise",0.381524144031253
"SOX4","SLC16A3","turquoise",0.251669292166405
"SOX4","IL32","turquoise",0.238364959911881
"SOX4","TRIAP1","turquoise",0.207097427771283
"SOX4","POLR3G","turquoise",0.19254077981981
"SOX4","CD96","turquoise",0.190521441770181
"SOX4","PDGFRA","turquoise",0.168269260957254
"SOX4","HHLA2","turquoise",0.165365777423168
"SOX4","AC099552.4","turquoise",0.164079492508091
"SOX4","PRR5L","turquoise",0.155399471330902
"SOX4","LCK","turquoise",0.147135738560416
"SOX4","MLTK","turquoise",0.142226908021509
"SOX4","NREP","turquoise",0.140841531752847
"SOX4","PSPH","turquoise",0.140678867470321
"SOX4","DUSP4","turquoise",0.13966742787104
"SOX4","RMI2","turquoise",0.135996190080525
"SOX4","ARNTL2","turquoise",0.134000195856446
"SOX4","SOCS2","turquoise",0.130761920181658
"SOX4","ADCY1","turquoise",0.124991842593773
"SOX4","MYH10","turquoise",0.124499056810446
"SOX4","CHEK1","turquoise",0.122219254650254
"SOX4","PRC1","turquoise",0.121120591238812
"SOX4","MT1E","turquoise",0.120005960045097
"SOX4","RCAN2","turquoise",0.116577835554124
"SOX4","PHLDA3","turquoise",0.112382935978108
"SOX4","PPP1R14B","turquoise",0.111494818524831
"SOX4","ITGA2","turquoise",0.10640636422386
"SOX4","SOX2","turquoise",0.105039523013855
"SOX4","CENPV","turquoise",0.104731561498048
"SOX4","ACTG1","turquoise",0.0947593711706056
"SOX4","TPI1","turquoise",0.087575311678758
"SOX4","CLECL1","turquoise",0.0874887710632717
"SOX4","DOK1","turquoise",0.0863992221650705
"SOX4","CCDC34","turquoise",0.0855681790228267
"SOX4","UBE2C","turquoise",0.0834220050485777
"SOX4","IVNS1ABP","turquoise",0.066511959883781
"SOX4","LMNA","turquoise",0.0596093864511874
"SOX4","MCM10","turquoise",0.058591311265964
"SOX4","COTL1","turquoise",0.0543459588763136
"SOX4","NCL","turquoise",0.0537013396782098
"SOX4","C12orf75","turquoise",0.0510746099603221
"SOX4","ANKRD13B","turquoise",0.0474215393149655
"SOX4","CDK1","turquoise",0.0442435584128408
"SOX4","MYB","turquoise",0.0433165941453684
"SOX4","CD226","turquoise",0.0399740687441731
"SOX4","CCR1","turquoise",0.0391954301724899
"SOX4","MFHAS1","turquoise",0.039006922708329
"SOX4","BUB1B","turquoise",0.0385111500141549
"SOX4","DUSP6","turquoise",0.0351833083600731
"SOX4","KIF4A","turquoise",0.0350271295689158
"SOX4","PGK1","turquoise",0.0342652097479307
"SOX4","PERP","turquoise",0.0333817764720977
"SOX4","HMMR","turquoise",0.0303646387448001
"SOX4","FNIP2","turquoise",0.0303504843624555
"SOX4","VIM","turquoise",0.0301580532439612
"SOX4","KIAA0101","turquoise",0.0299877902984571
"SOX4","EBI3","turquoise",0.0257691805578661
"SOX4","MCM4","turquoise",0.0247235976303847
"SOX4","TUBB","turquoise",0.0246749867680708
"SOX4","SEPW1","turquoise",0.0229548536217396
"SOX4","GYG1","turquoise",0.0226938942592568
"SOX4","NPM1","turquoise",0.0223018831398848
"SOX4","TUBA1C","turquoise",0.0196400655923669
"SOX4","MRPL37","turquoise",0.0187407886877899
"SOX4","TMEM97","turquoise",0.01865237045631
"SOX4","HLA-DRB1","turquoise",0.0181368381658948
"SOX4","DKC1","turquoise",0.0179461458442802
"SOX4","SSRP1","turquoise",0.0164777657133423
"SOX4","CCT5","turquoise",0.0162095781220195
"SOX4","CXCR4","turquoise",0.0160152279186183
"SOX4","PIK3CD","turquoise",0.0157262856624601
"SOX4","FAM107B","turquoise",0.0152039411820846
"SOX4","PA2G4","turquoise",0.012854363228641
"SOX4","ETS1","turquoise",0.0127675689419829
"SOX4","ZWILCH","turquoise",0.0113054359937545
"SOX4","KIF14","turquoise",0.0108840523009258
"SOX4","GTSF1","turquoise",0.0107755452043793
"SOX4","ARL6IP5","turquoise",0.0107029653819006
"SOX4","APEX1","turquoise",0.0106686777448324
"SOX4","RRM1","turquoise",0.0104929149453597
"SPIB","MNDA","yellow",0.846091929332967
"SPIB","STAT5A","yellow",0.735219002502488
"SPIB","CAPG","yellow",0.725751220065306
"SPIB","CCDC28B","yellow",0.704025984516258
"SPIB","CCDC71L","yellow",0.592546198012934
"SPIB","LACTB","yellow",0.583976018895051
"SPIB","CD80","yellow",0.568225979373196
"SPIB","PAX5","yellow",0.562090312463669
"SPIB","GRAMD1B","yellow",0.535227088996279
"SPIB","CCL17","yellow",0.530723565845126
"SPIB","PEA15","yellow",0.462000518431691
"SPIB","CD22","yellow",0.459149775132501
"SPIB","TNFSF4","yellow",0.441692709588988
"SPIB","ALOX5AP","yellow",0.431193692084597
"SPIB","CCL22","yellow",0.402548155340899
"SPIB","TNF","yellow",0.381064423304705
"SPIB","CCR7","yellow",0.363533832302239
"SPIB","TSPAN33","yellow",0.34934836038401
"SPIB","DEK","yellow",0.322743270309849
"SPIB","BHLHE40","yellow",0.311068403460063
"SPIB","BIRC3","yellow",0.285807457271146
"SPIB","RAB13","yellow",0.25114142404452
"SPIB","DGKG","yellow",0.199245976680428
"SPIB","EGR2","yellow",0.147446939003351
"SPIB","PFKFB3","yellow",0.123346521489611
"SPIB","ATP8B4","yellow",0.100120312151019
"SPIB","AICDA","yellow",0.0934478607315071
"SPIB","FSCN1","yellow",0.0248307842718434
"SPIB","AHR","yellow",0.0118848021060222
"TCF7","SORL1","brown",0.301832729645764
"TCF7","ZFP36L1","brown",0.221356106875655
"TCF7","EMILIN2","brown",0.201636962461553
"TCF7","GNAZ","brown",0.113875832708708
"TCF7","ZNF703","brown",0.0549453538312774
"TCF7","RUNX3","brown",0.021254216654384
"TCF7","FCRL3","brown",0.0144632773650529
"TCF7","RAB11FIP1","brown",0.0112670801862247
"TCF7","SESN3","brown",0.0107950628916879
"TEAD4","MYB","turquoise",0.28148920789516
"TEAD4","POLR3G","turquoise",0.224020789142844
"TEAD4","ATIC","turquoise",0.185046839320648
"TEAD4","ITGA2","turquoise",0.138302106241538
"TEAD4","UNG","turquoise",0.115261227956637
"TEAD4","ODC1","turquoise",0.11438178720821
"TEAD4","APEX1","turquoise",0.0923980254648877
"TEAD4","CDC25A","turquoise",0.0904181072830209
"TEAD4","EMP1","turquoise",0.0889077747414668
"TEAD4","TUBB6","turquoise",0.0736553433711386
"TEAD4","CCNE1","turquoise",0.0729498800517114
"TEAD4","PPA1","turquoise",0.071715514224572
"TEAD4","MLTK","turquoise",0.0716278040351262
"TEAD4","TUBB2A","turquoise",0.0663095421608486
"TEAD4","KYNU","turquoise",0.0638343725159515
"TEAD4","BCAT1","turquoise",0.0596733621543998
"TEAD4","CCDC86","turquoise",0.0592119527185519
"TEAD4","BZW2","turquoise",0.0590939075611049
"TEAD4","PAICS","turquoise",0.0583698114890509
"TEAD4","NPM1","turquoise",0.0579627555988663
"TEAD4","FHL2","turquoise",0.056790839266112
"TEAD4","DKC1","turquoise",0.0543507268986859
"TEAD4","CCT6A","turquoise",0.0517007006204784
"TEAD4","ACOT7","turquoise",0.046521972384971
"TEAD4","GRPEL1","turquoise",0.0443143114577799
"TEAD4","PPIF","turquoise",0.0434897726521467
"TEAD4","MCM4","turquoise",0.0431820774563577
"TEAD4","GPATCH4","turquoise",0.0364057051359278
"TEAD4","CCNB1","turquoise",0.036289079876896
"TEAD4","TTLL12","turquoise",0.0354888029176296
"TEAD4","ANKRD13B","turquoise",0.0340801528318717
"TEAD4","GLO1","turquoise",0.0324835798296737
"TEAD4","NOLC1","turquoise",0.0324031127727372
"TEAD4","RRM2","turquoise",0.0316392159204824
"TEAD4","PASK","turquoise",0.0299139512402289
"TEAD4","PPP2R3C","turquoise",0.0276962642073471
"TEAD4","CCT7","turquoise",0.0271568541073359
"TEAD4","ANXA3","turquoise",0.0269153141088735
"TEAD4","FAM111B","turquoise",0.0260634283085954
"TEAD4","HOPX","turquoise",0.0259967162239158
"TEAD4","CYCS","turquoise",0.0236885690345738
"TEAD4","CCDC152","turquoise",0.0236100176782936
"TEAD4","CMTM3","turquoise",0.0209896460943322
"TEAD4","HELLS","turquoise",0.0202382583796354
"TEAD4","KLHL21","turquoise",0.0184322367269935
"TEAD4","CCNB2","turquoise",0.0180951268350065
"TEAD4","FAH","turquoise",0.0178035729793504
"TEAD4","WDR76","turquoise",0.0165983183360483
"TEAD4","HSPD1","turquoise",0.0157755244509674
"TEAD4","IVNS1ABP","turquoise",0.0155464327792998
"TEAD4","ACTG1","turquoise",0.0150238058737048
"TEAD4","C12orf75","turquoise",0.0148311416714743
"TEAD4","PCNA","turquoise",0.0133482090336311
"TEAD4","RILPL2","turquoise",0.0130710093813172
"TEAD4","TYMS","turquoise",0.0124661040739131
"TEAD4","KIAA0101","turquoise",0.0117025637588183
"TEAD4","AK4","turquoise",0.0116813053551528
"TEAD4","MCM3","turquoise",0.0112381725855695
"TEAD4","ARNTL2","turquoise",0.0106990353872056
"TFEC","FAM167A","brown",0.385886602411729
"TFEC","ADAP1","brown",0.321071759990608
"TFEC","RAB11FIP1","brown",0.045147787963106
"TFEC","HLA-DMB","brown",0.0354644041997487
"TFEC","HES1","brown",0.0346322970452038
"TFEC","BTNL9","brown",0.0125406037777343
"TFEC","CD83","brown",0.0114799323294205
"ZBTB32","TUBA1B","turquoise",0.232157634022142
"ZBTB32","YBX3","turquoise",0.211383760053517
"ZBTB32","CENPF","turquoise",0.195821771611762
"ZBTB32","MRTO4","turquoise",0.177614452728671
"ZBTB32","MSC","turquoise",0.131683396379923
"ZBTB32","H2AFZ","turquoise",0.121625008441416
"ZBTB32","TUBA1C","turquoise",0.116374812314179
"ZBTB32","NPDC1","turquoise",0.111529161334403
"ZBTB32","BIRC5","turquoise",0.0983189468679059
"ZBTB32","TTK","turquoise",0.0957430910209212
"ZBTB32","PRR11","turquoise",0.0946859291788157
"ZBTB32","SOX4","turquoise",0.0804086252838916
"ZBTB32","HMMR","turquoise",0.0682103210552678
"ZBTB32","ONECUT2","turquoise",0.0596821831342169
"ZBTB32","PPARG","turquoise",0.0564655123925592
"ZBTB32","MSMO1","turquoise",0.0563131102680167
"ZBTB32","PASK","turquoise",0.0494773055384529
"ZBTB32","CCDC34","turquoise",0.0468714197659665
"ZBTB32","DLGAP5","turquoise",0.0435388020280591
"ZBTB32","HNRNPAB","turquoise",0.0378400724340341
"ZBTB32","PPID","turquoise",0.0320895916349995
"ZBTB32","MCM10","turquoise",0.0313730041215267
"ZBTB32","GATM","turquoise",0.0264289176255991
"ZBTB32","NUSAP1","turquoise",0.023866341824225
"ZBTB32","SGOL2","turquoise",0.0199112102098132
"ZBTB32","IL10","turquoise",0.0193077098194287
"ZBTB32","KBTBD11","turquoise",0.0164339344477439
"ZBTB32","BCAS4","turquoise",0.0154258954521876
"ZBTB32","MGST1","turquoise",0.0147680970158054
"ZBTB32","GINS2","turquoise",0.0132318595528453
"ZBTB32","DUSP6","turquoise",0.0131734488559659
"ZBTB32","CYCS","turquoise",0.0111101849207473
