"motif_name","motif_ID","n_targets"
"Arnt","MA0004.1",4263
"Ahr::Arnt","MA0006.1",5682
"Ddit3::Cebpa","MA0019.1",3420
"Mecom","MA0029.1",4060
"FOXF2","MA0030.1",3445
"FOXD1","MA0031.1",2594
"Foxq1","MA0040.1",4397
"Foxd3","MA0041.1",8906
"IRF2","MA0051.1",4445
"MZF1(var.2)","MA0057.1",4875
"MAX::MYC","MA0059.1",1738
"PPARG","MA0066.1",2559
"Pax2","MA0067.1",711
"PAX6","MA0069.1",1492
"PBX1","MA0070.1",2277
"RORA","MA0071.1",2713
"RORA(var.2)","MA0072.1",2593
"RREB1","MA0073.1",8820
"RXRA::VDR","MA0074.1",1981
"SOX9","MA0077.1",2228
"Sox17","MA0078.1",2228
"SRY","MA0084.1",3646
"Sox5","MA0087.1",4651
"TAL1::TCF3","MA0091.1",2345
"Hand1::Tcf3","MA0092.1",2873
"REL","MA0101.1",3026
"RELA","MA0107.1",3353
"TBP","MA0108.2",2278
"HLTF","MA0109.1",2247
"Spz1","MA0111.1",3773
"NR1H2::RXRA","MA0115.1",3055
"Znf423","MA0116.1",3241
"NFIC::TLX1","MA0119.1",4075
"Nobox","MA0125.1",1849
"ZNF354C","MA0130.1",8676
"Lhx3","MA0135.1",5049
"CTCF","MA0139.1",5060
"Pou5f1::Sox2","MA0142.1",5033
"EWSR1-FLI1","MA0149.1",9662
"REST","MA0138.2",4508
"RUNX1","MA0002.2",4212
"Pparg::Rxra","MA0065.2",6081
"Arid3a","MA0151.1",10514
"NFATC2","MA0152.1",6393
"INSM1","MA0155.1",5104
"RARA::RXRA","MA0159.1",3804
"NR4A2","MA0160.1",3258
"PLAG1","MA0163.1",7211
"Nr2e3","MA0164.1",2427
"ARNT::HIF1A","MA0259.1",1069
"Zfx","MA0146.2",9438
"Crx","MA0467.1",2995
"DUX4","MA0468.1",3207
"FOS","MA0476.1",2626
"FOSL2","MA0478.1",2354
"FOXH1","MA0479.1",3006
"Foxo1","MA0480.1",4636
"Gfi1b","MA0483.1",6371
"JUN","MA0488.1",3282
"JUN(var.2)","MA0489.1",2824
"JUND(var.2)","MA0492.1",3168
"Klf1","MA0493.1",7221
"Nr1h3::Rxra","MA0494.1",5467
"MEF2C","MA0497.1",9863
"MAF::NFE2","MA0501.1",3179
"Nkx2-5(var.2)","MA0503.1",3704
"NR2C2","MA0504.1",5958
"Nr5a2","MA0505.1",4613
"NRF1","MA0506.1",5212
"POU2F2","MA0507.1",5261
"SMAD2::SMAD3::SMAD4","MA0513.1",5711
"Sox3","MA0514.1",6410
"Sox6","MA0515.1",4651
"STAT1::STAT2","MA0517.1",8600
"Stat4","MA0518.1",4916
"Stat5a::Stat5b","MA0519.1",4417
"Stat6","MA0520.1",4043
"Tcf12","MA0521.1",5165
"TCF7L2","MA0523.1",3922
"ZBTB33","MA0527.1",1906
"ELK4","MA0076.2",4126
"ESR2","MA0258.2",3627
"IRF1","MA0050.2",11630
"Nfe2l2","MA0150.2",3196
"STAT1","MA0137.3",4271
"STAT3","MA0144.2",5343
"GATA1::TAL1","MA0140.2",2462
"YY1","MA0095.2",5355
"Bach1::Mafk","MA0591.1",2900
"FOXP2","MA0593.1",4740
"SREBF1","MA0595.1",3760
"SREBF2","MA0596.1",3698
"THAP1","MA0597.1",3397
"KLF5","MA0599.1",10650
"Arid3b","MA0601.1",4946
"Arid5a","MA0602.1",3805
"Arntl","MA0603.1",1815
"Atf1","MA0604.1",658
"NFAT5","MA0606.1",5057
"Bhlha15","MA0607.1",1473
"Creb3l2","MA0608.1",1471
"DMRT3","MA0610.1",2361
"Dux","MA0611.1",1173
"FOXG1","MA0613.1",4397
"Foxj2","MA0614.1",3068
"Gmeb1","MA0615.1",449
"LBX1","MA0618.1",2273
"LIN54","MA0619.1",5240
"mix-a","MA0621.1",3150
"Mlxip","MA0622.1",1367
"NFATC1","MA0624.1",4454
"NFATC3","MA0625.1",4431
"Npas2","MA0626.1",1781
"POU6F1","MA0628.1",1619
"Rhox11","MA0629.1",1948
"SHOX","MA0630.1",2007
"Six3","MA0631.1",2508
"Twist2","MA0633.1",1853
"ALX3","MA0634.1",2556
"Ar","MA0007.3",1487
"BARHL2","MA0635.1",1203
"BHLHE41","MA0636.1",1314
"CENPB","MA0637.1",1043
"CREB3","MA0638.1",1250
"DBP","MA0639.1",1030
"ELF4","MA0641.1",3285
"ELF5","MA0136.2",3774
"EN1","MA0027.2",1170
"EN2","MA0642.1",1194
"Esrrg","MA0643.1",3343
"ESX1","MA0644.1",1831
"ETV6","MA0645.1",3799
"FLI1","MA0475.2",2406
"FOXI1","MA0042.2",3213
"FOXL1","MA0033.2",3213
"FOXO3","MA0157.2",2594
"GCM1","MA0646.1",1326
"GRHL1","MA0647.1",1563
"GSC","MA0648.1",1578
"HEY2","MA0649.1",1848
"HINFP","MA0131.2",2428
"HNF1A","MA0046.2",4703
"HNF1B","MA0153.2",3031
"HOXC11","MA0651.1",1220
"HSF1","MA0486.2",2716
"IRF8","MA0652.1",2891
"IRF9","MA0653.1",4401
"ISX","MA0654.1",1728
"JDP2","MA0655.1",2081
"JDP2(var.2)","MA0656.1",1651
"KLF13","MA0657.1",2873
"LHX6","MA0658.1",1554
"MEF2B","MA0660.1",7541
"MEOX1","MA0661.1",1859
"MIXL1","MA0662.1",2247
"MLX","MA0663.1",1296
"MLXIPL","MA0664.1",1163
"MSC","MA0665.1",2882
"MSX1","MA0666.1",1643
"MYF6","MA0667.1",2360
"NEUROD2","MA0668.1",865
"NEUROG2","MA0669.1",1338
"NFIA","MA0670.1",2528
"NFIX","MA0671.1",2168
"NHLH1","MA0048.2",3681
"NKX2-3","MA0672.1",2408
"NKX2-8","MA0673.1",2613
"NKX6-1","MA0674.1",2242
"NKX6-2","MA0675.1",2293
"Nr2e1","MA0676.1",3884
"Nr2f6","MA0677.1",3598
"OLIG2","MA0678.1",1195
"PAX4","MA0068.2",1220
"PAX7","MA0680.1",1539
"POU4F2","MA0683.1",4924
"Rxra","MA0512.2",3315
"SP4","MA0685.1",8149
"SPDEF","MA0686.1",1662
"SPIC","MA0687.1",5522
"SRF","MA0083.3",1402
"TBXT","MA0009.2",1165
"TBX2","MA0688.1",3153
"TBX20","MA0689.1",3247
"TBX21","MA0690.1",3078
"TFAP4","MA0691.1",2361
"TFCP2","MA0145.3",1038
"TFEB","MA0692.1",1772
"ZBTB7B","MA0694.1",2118
"ZBTB7C","MA0695.1",2638
"ZIC1","MA0696.1",3856
"ZIC3","MA0697.1",3900
"ZBTB18","MA0698.1",4317
"LBX2","MA0699.1",1752
"Lhx4","MA0704.1",1659
"Lhx8","MA0705.1",1527
"MEOX2","MA0706.1",2708
"MNX1","MA0707.1",3575
"MSX2","MA0708.1",1643
"Msx3","MA0709.1",1787
"NOTO","MA0710.1",1500
"Nkx3-1","MA0124.2",2388
"OTX1","MA0711.1",451
"PDX1","MA0132.2",1504
"PHOX2A","MA0713.1",3524
"PITX3","MA0714.1",2431
"PROP1","MA0715.1",4267
"PRRX1","MA0716.1",1728
"RAX2","MA0717.1",2007
"RAX","MA0718.1",1985
"RHOXF1","MA0719.1",2656
"Shox2","MA0720.1",2007
"UNCX","MA0721.1",2254
"VAX1","MA0722.1",2042
"VAX2","MA0723.1",2042
"VENTX","MA0724.1",1063
"VSX1","MA0725.1",1471
"VSX2","MA0726.1",1471
"ESR1","MA0112.3",4593
"ESRRB","MA0141.3",3021
"NR2F1","MA0017.2",7261
"NR3C1","MA0113.3",1304
"NR3C2","MA0727.1",1281
"Nr2f6(var.2)","MA0728.1",7685
"RARA","MA0729.1",5915
"RARA(var.2)","MA0730.1",3012
"BCL6B","MA0731.1",2999
"EGR2","MA0472.2",3412
"EGR3","MA0732.1",5572
"EGR4","MA0733.1",4687
"GLIS1","MA0735.1",1681
"GLIS2","MA0736.1",2952
"GLIS3","MA0737.1",2342
"HIC2","MA0738.1",4585
"Hic1","MA0739.1",2071
"KLF14","MA0740.1",7326
"KLF16","MA0741.1",9136
"Klf12","MA0742.1",6329
"SP8","MA0747.1",8774
"ZBED1","MA0749.1",300
"ZIC4","MA0751.1",3874
"ZNF143","MA0088.2",3366
"ZNF410","MA0752.1",2195
"CUX1","MA0754.1",1051
"CUX2","MA0755.1",1215
"ONECUT2","MA0756.1",3138
"ONECUT3","MA0757.1",4830
"E2F7","MA0758.1",2151
"ELK3","MA0759.1",2500
"ERF","MA0760.1",2573
"ERG","MA0474.2",2346
"ETS1","MA0098.3",2648
"ETV2","MA0762.1",2484
"ETV3","MA0763.1",2453
"FEV","MA0156.2",2343
"GCM2","MA0767.1",1065
"LEF1","MA0768.1",4225
"HSF2","MA0770.1",2915
"HSF4","MA0771.1",2508
"IRF7","MA0772.1",5796
"MEF2D","MA0773.1",8343
"MEIS1","MA0498.2",2812
"MEIS2","MA0774.1",2245
"MEIS3","MA0775.1",2406
"MYBL1","MA0776.1",566
"MYBL2","MA0777.1",575
"NFKB1","MA0105.4",4745
"NFKB2","MA0778.1",4085
"PAX1","MA0779.1",1075
"PAX3","MA0780.1",1576
"PAX9","MA0781.1",1350
"PKNOX2","MA0783.1",2784
"POU1F1","MA0784.1",5141
"POU2F1","MA0785.1",4308
"POU3F1","MA0786.1",4980
"POU3F2","MA0787.1",4635
"POU3F3","MA0788.1",5234
"POU3F4","MA0789.1",3442
"POU4F1","MA0790.1",5649
"POU4F3","MA0791.1",5402
"POU5F1B","MA0792.1",3579
"POU6F2","MA0793.1",2414
"PROX1","MA0794.1",1689
"RFX2","MA0600.2",1598
"SMAD3","MA0795.1",899
"TGIF1","MA0796.1",2254
"TGIF2","MA0797.1",2198
"RFX4","MA0799.1",2172
"RFX5","MA0510.2",1736
"RUNX2","MA0511.2",2020
"EOMES","MA0800.1",2947
"MGA","MA0801.1",4170
"TBR1","MA0802.1",2751
"TBX15","MA0803.1",4170
"TBX19","MA0804.1",1314
"TBX1","MA0805.1",4460
"TBX4","MA0806.1",3977
"TBX5","MA0807.1",4825
"TEAD3","MA0808.1",3339
"TFAP2A(var.2)","MA0810.1",4454
"TFAP2B","MA0811.1",3554
"TFAP2B(var.2)","MA0812.1",3943
"TFAP2B(var.3)","MA0813.1",3744
"TFAP2C","MA0524.2",3570
"TFAP2C(var.3)","MA0815.1",3457
"Ascl2","MA0816.1",4013
"Atoh1","MA0461.2",1166
"BHLHE40","MA0464.2",1309
"BHLHE23","MA0817.1",1189
"BHLHE22","MA0818.1",952
"CLOCK","MA0819.1",916
"FIGLA","MA0820.1",4770
"HES5","MA0821.1",2543
"HES7","MA0822.1",2572
"HEY1","MA0823.1",1947
"MAX","MA0058.3",1606
"MNT","MA0825.1",1677
"OLIG1","MA0826.1",1036
"OLIG3","MA0827.1",1378
"SREBF2(var.2)","MA0828.1",1350
"Tcf21","MA0832.1",2351
"ATF7","MA0834.1",1359
"CEBPB","MA0466.2",1404
"CEBPE","MA0837.1",1364
"CEBPG","MA0838.1",1442
"CREB3L1","MA0839.1",1451
"Creb5","MA0840.1",1513
"Mafb","MA0117.2",2919
"NFE2","MA0841.1",1942
"TEF","MA0843.1",1185
"XBP1","MA0844.1",988
"FOXB1","MA0845.1",6183
"FOXC1","MA0032.2",6410
"FOXC2","MA0846.1",7763
"FOXO4","MA0848.1",3213
"FOXO6","MA0849.1",3213
"FOXP3","MA0850.1",3213
"Foxj3","MA0851.1",6473
"Alx4","MA0853.1",1805
"Alx1","MA0854.1",2048
"RXRB","MA0855.1",3525
"RXRG","MA0856.1",3409
"Rarb","MA0857.1",6760
"Rarb(var.2)","MA0858.1",2647
"Rarg","MA0859.1",7062
"Rarg(var.2)","MA0860.1",5123
"TP63","MA0525.2",1236
"TP53","MA0106.3",1470
"TP73","MA0861.1",1990
"GMEB2","MA0862.1",435
"MTF1","MA0863.1",1789
"E2F1","MA0024.3",747
"E2F8","MA0865.1",2861
"SOX21","MA0866.1",2881
"Sox11","MA0869.1",3872
"Sox1","MA0870.1",2067
"TFAP2A(var.3)","MA0872.1",3544
"ELK1","MA0028.2",2594
"HOXD12","MA0873.1",1276
"Arx","MA0874.1",1774
"BARX1","MA0875.1",1492
"BSX","MA0876.1",1643
"Dlx1","MA0879.1",1910
"Dlx3","MA0880.1",1607
"Dlx4","MA0881.1",1607
"DLX6","MA0882.1",1601
"Dmbx1","MA0883.1",2046
"DUXA","MA0884.1",2715
"Dlx2","MA0885.1",1688
"EMX2","MA0886.1",1268
"EVX1","MA0887.1",1134
"EVX2","MA0888.1",1135
"GBX1","MA0889.1",1339
"GBX2","MA0890.1",1596
"GSC2","MA0891.1",1714
"GSX1","MA0892.1",2205
"HESX1","MA0894.1",1641
"HMBOX1","MA0895.1",1512
"Hmx1","MA0896.1",2242
"Hmx2","MA0897.1",3215
"Hmx3","MA0898.1",3334
"HOXA10","MA0899.1",4757
"HOXB3","MA0903.1",2186
"HOXC10","MA0905.1",1855
"HOXC12","MA0906.1",1438
"HOXC13","MA0907.1",1978
"HOXD11","MA0908.1",1607
"Hoxa11","MA0911.1",1435
"ISL2","MA0914.1",2681
"FOXK1","MA0852.2",3292
"GATA2","MA0036.3",2809
"HIF1A","MA1106.1",1249
"MYC","MA0147.3",2140
"MYB","MA0100.3",2269
"MYCN","MA0104.4",1575
"NEUROD1","MA1109.1",3596
"NFIC","MA0161.2",3288
"NFYA","MA0060.3",3143
"NR1H4","MA1110.1",1985
"NR2F2","MA1111.1",4023
"PAX5","MA0014.3",1866
"PBX3","MA1114.1",5360
"POU5F1","MA1115.1",4583
"RBPJ","MA1116.1",5662
"RELB","MA1117.1",2599
"SIX1","MA1118.1",2619
"SIX2","MA1119.1",3363
"SOX10","MA0442.2",4950
"SOX13","MA1120.1",2710
"TEAD2","MA1121.1",3542
"TFDP1","MA1122.1",4086
"ZBTB7A","MA0750.2",5056
"ZEB1","MA0103.3",5626
"ZNF24","MA1124.1",4907
"ZNF384","MA1125.1",11513
"ZNF282","MA1154.1",3265
"ZSCAN4","MA1155.1",4010
"GATA3","MA0037.3",2701
"FOS::JUN","MA0099.3",2197
"FOS::JUN(var.2)","MA1126.1",1810
"FOSB::JUN","MA1127.1",1755
"FOSL1::JUN","MA1128.1",2430
"FOSL1::JUN(var.2)","MA1129.1",1196
"FOSL2::JUN","MA1130.1",2216
"FOSL2::JUN(var.2)","MA1131.1",1944
"JUN::JUNB","MA1132.1",1913
"JUN::JUNB(var.2)","MA1133.1",1567
"FOS::JUNB","MA1134.1",1929
"FOSB::JUNB","MA1135.1",2100
"FOSB::JUNB(var.2)","MA1136.1",1340
"FOSL1::JUNB","MA1137.1",2218
"FOSL2::JUNB","MA1138.1",2059
"FOSL2::JUNB(var.2)","MA1139.1",1356
"FOS::JUND","MA1141.1",2428
"FOSL1::JUND","MA1142.1",2283
"FOSL1::JUND(var.2)","MA1143.1",1417
"FOSL2::JUND","MA1144.1",2017
"FOSL2::JUND(var.2)","MA1145.1",1833
"NR1H4::RXRA","MA1146.1",1680
"NR4A2::RXRA","MA1147.1",1663
"PPARA::RXRA","MA1148.1",3686
"RARA::RXRG","MA1149.1",3412
"RORB","MA1150.1",2260
"RORC","MA1151.1",2329
"SOX15","MA1152.1",5934
"TFE3","MA0831.2",2161
"VDR","MA0693.2",4150
"Smad4","MA1153.1",2343
"IRF3","MA1418.1",5992
"IRF4","MA1419.1",2504
"IRF5","MA1420.1",2112
"TCF7L1","MA1421.1",4078
"ARGFX","MA1463.1",2457
"ARNT2","MA1464.1",1722
"ATF6","MA1466.1",1224
"ATOH1(var.2)","MA1467.1",3249
"ATOH7","MA1468.1",1646
"BACH2","MA1101.2",1829
"BACH2(var.2)","MA1470.1",1338
"BARX2","MA1471.1",4740
"BHLHA15(var.2)","MA1472.1",2855
"CDX4","MA1473.1",3361
"CREB3L4","MA1474.1",1686
"CREB3L4(var.2)","MA1475.1",1334
"DLX5","MA1476.1",1474
"DMRTA2","MA1478.1",2568
"DMRTC2","MA1479.1",2808
"DPRX","MA1480.1",1590
"DRGX","MA1481.1",1504
"ELF2","MA1483.1",2959
"ETS2","MA1484.1",2577
"FERD3L","MA1485.1",2992
"FOXE1","MA1487.1",5111
"FOXN3","MA1489.1",1047
"GLI3","MA1491.1",4048
"HES6","MA1493.1",1772
"HNF4A(var.2)","MA1494.1",2831
"HOXA1","MA1495.1",700
"HOXA4","MA1496.1",1628
"HOXA6","MA1497.1",1580
"HOXA7","MA1498.1",1120
"HOXB4","MA1499.1",1864
"HOXB6","MA1500.1",1976
"HOXB7","MA1501.1",1560
"HOXB8","MA1502.1",1120
"HOXB9","MA1503.1",1454
"HOXC4","MA1504.1",1628
"HOXC8","MA1505.1",1521
"HOXD10","MA1506.1",1505
"HOXD4","MA1507.1",1864
"IKZF1","MA1508.1",7176
"IRF6","MA1509.1",794
"KLF10","MA1511.1",7138
"KLF11","MA1512.1",8295
"KLF15","MA1513.1",9035
"KLF17","MA1514.1",6451
"KLF2","MA1515.1",10265
"KLF3","MA1516.1",7272
"KLF6","MA1517.1",7453
"LHX1","MA1518.1",1333
"LHX5","MA1519.1",1891
"MAF","MA1520.1",1569
"MAFA","MA1521.1",1736
"MAZ","MA1522.1",8446
"MSANTD3","MA1523.1",2954
"MSGN1","MA1524.1",1600
"NFATC4","MA1525.1",4112
"NFIC(var.2)","MA1527.1",3065
"NFIX(var.2)","MA1528.1",2830
"NHLH2","MA1529.1",3613
"NKX6-3","MA1530.1",2422
"NR1D1","MA1531.1",4846
"NR1D2","MA1532.1",2864
"NR1I2","MA1533.1",2270
"NR1I3","MA1534.1",2522
"NR2C1","MA1535.1",2419
"NR2C2(var.2)","MA1536.1",3163
"NR2F1(var.2)","MA1537.1",3769
"NR2F1(var.3)","MA1538.1",1823
"NR2F6(var.3)","MA1539.1",1759
"NR5A1","MA1540.1",3885
"NR6A1","MA1541.1",3384
"OSR1","MA1542.1",1719
"OVOL1","MA1544.1",518
"OVOL2","MA1545.1",499
"PAX3(var.2)","MA1546.1",952
"PITX2","MA1547.1",2809
"PLAGL2","MA1548.1",3640
"POU6F1(var.2)","MA1549.1",2377
"PPARD","MA1550.1",3646
"RARB(var.3)","MA1552.1",1709
"RARG(var.3)","MA1553.1",1583
"RFX7","MA1554.1",1246
"RXRB(var.2)","MA1555.1",1935
"RXRG(var.2)","MA1556.1",3020
"SMAD5","MA1557.1",706
"SNAI1","MA1558.1",6429
"SNAI3","MA1559.1",6494
"SOHLH2","MA1560.1",1266
"SOX12","MA1561.1",1186
"SOX14","MA1562.1",1761
"SOX18","MA1563.1",1931
"SP9","MA1564.1",9271
"TBX18","MA1565.1",6126
"TBX3","MA1566.1",4465
"TBX6","MA1567.1",4147
"TCF21(var.2)","MA1568.1",952
"TFAP2E","MA1569.1",3616
"TFAP4(var.2)","MA1570.1",1277
"TGIF2LX","MA1571.1",1504
"TGIF2LY","MA1572.1",1391
"THAP11","MA1573.1",5327
"THRB","MA1574.1",3739
"THRB(var.2)","MA1575.1",1912
"THRB(var.3)","MA1576.1",3750
"TLX2","MA1577.1",1571
"VEZF1","MA1578.1",3117
"ZBTB26","MA1579.1",5148
"ZBTB32","MA1580.1",2745
"ZBTB6","MA1581.1",6368
"ZFP57","MA1583.1",1363
"ZIC5","MA1584.1",4231
"ZKSCAN1","MA1585.1",2020
"ZNF135","MA1587.1",10641
"ZNF136","MA1588.1",3529
"ZNF140","MA1589.1",4698
"ZNF274","MA1592.1",2755
"ZNF317","MA1593.1",3578
"ZNF382","MA1594.1",2656
"ZNF460","MA1596.1",12469
"ZNF528","MA1597.1",4291
"ZNF682","MA1599.1",5373
"ZNF684","MA1600.1",3998
"ZNF75D","MA1601.1",5186
"ZSCAN29","MA1602.1",1152
"Dmrt1","MA1603.1",3258
"Ebf2","MA1604.1",4467
"Foxf1","MA1606.1",4484
"Foxl2","MA1607.1",5222
"Isl1","MA1608.1",1498
"Plagl1","MA1615.1",6127
"Prdm15","MA1616.1",4812
"Ptf1a","MA1618.1",3240
"Ptf1a(var.2)","MA1619.1",2572
"Ptf1a(var.3)","MA1620.1",5721
"Rbpjl","MA1621.1",5810
"Smad2::Smad3","MA1622.1",2754
"Stat2","MA1623.1",10116
"Stat5a","MA1624.1",4300
"Stat5b","MA1625.1",4451
"Wt1","MA1627.1",9049
"Zic1::Zic2","MA1628.1",5600
"Zic2","MA1629.1",5294
"Znf281","MA1630.1",6741
"ASCL1","MA1100.2",3649
"ATF3","MA0605.2",1526
"BARHL1","MA0877.2",553
"BATF::JUN","MA0462.2",2800
"BCL6","MA0463.2",2592
"CDX1","MA0878.2",3084
"E2F2","MA0864.2",1402
"E2F3","MA0469.3",434
"E2F4","MA0470.2",907
"EMX1","MA0612.2",684
"FOXD2","MA0847.2",6047
"GATA5","MA0766.2",2136
"GFI1","MA0038.2",3970
"GLI2","MA0734.2",4077
"GSX2","MA0893.2",1125
"HES1","MA1099.2",3160
"HES2","MA0616.2",2081
"HOXA13","MA0650.2",3400
"HOXA2","MA0900.2",905
"HOXA5","MA0158.2",1061
"HOXA9","MA0594.2",439
"HOXB2","MA0902.2",1075
"HOXB5","MA0904.2",905
"HOXC9","MA0485.2",1410
"HOXD13","MA0909.2",2721
"HOXD3","MA0912.2",1125
"HOXD8","MA0910.2",1120
"HOXD9","MA0913.2",3698
"JUNB(var.2)","MA1140.2",1338
"LHX9","MA0701.2",1728
"LMX1A","MA0702.2",2392
"LMX1B","MA0703.2",3187
"NEUROG1","MA0623.2",996
"NRL","MA0842.2",2263
"PITX1","MA0682.2",2046
"PRRX2","MA0075.3",1527
"SOX4","MA0867.2",4271
"SOX8","MA0868.2",2757
"SP1","MA0079.4",8578
"SP2","MA0516.2",8322
"SP3","MA0746.2",9100
"TCFL5","MA0632.2",3507
"TFEC","MA0871.2",1918
"ZNF740","MA0753.2",6787
"Nkx3-2","MA0122.3",3134
"ASCL1(var.2)","MA1631.1",6215
"ATF2","MA1632.1",3326
"BACH1","MA1633.1",2988
"BATF","MA1634.1",2798
"BHLHE22(var.2)","MA1635.1",3848
"CEBPG(var.2)","MA1636.1",3874
"EBF3","MA1637.1",4582
"HAND2","MA1638.1",3067
"MEIS1(var.2)","MA1639.1",2873
"MEIS2(var.2)","MA1640.1",3684
"MYF5","MA1641.1",2459
"NEUROG2(var.2)","MA1642.1",3521
"NFIB","MA1643.1",4499
"NFYC","MA1644.1",3166
"NKX2-2","MA1645.1",3509
"OSR2","MA1646.1",4583
"PRDM4","MA1647.1",4937
"TCF12(var.2)","MA1648.1",5581
"ZBTB12","MA1649.1",3954
"ZBTB14","MA1650.1",5228
"ZFP42","MA1651.1",4076
"ZKSCAN5","MA1652.1",7761
"ZNF148","MA1653.1",10581
"ZNF16","MA1654.1",5006
"ZNF341","MA1655.1",3322
"ZNF449","MA1656.1",4781
"ZNF652","MA1657.1",3411
"FOXA3","MA1683.1",3628
"ATF4","MA0833.2",3298
"BATF3","MA0835.2",2854
"CDX2","MA0465.2",4821
"CEBPA","MA0102.4",3679
"CEBPD","MA0836.2",2551
"CREB1","MA0018.4",3029
"CTCFL","MA1102.2",6843
"E2F6","MA0471.2",8500
"EBF1","MA0154.4",4816
"EGR1","MA0162.4",7770
"EHF","MA0598.3",6117
"ELF1","MA0473.3",6320
"ELF3","MA0640.2",6499
"ESRRA","MA0592.3",3922
"ETV1","MA0761.2",5982
"ETV4","MA0764.2",6701
"ETV5","MA0765.2",3372
"FOSL1","MA0477.2",2415
"FOXA1","MA0148.4",4259
"FOXA2","MA0047.3",4152
"FOXK2","MA1103.2",3232
"FOXP1","MA0481.3",4104
"GABPA","MA0062.3",6173
"GATA1","MA0035.4",2433
"GATA4","MA0482.2",3201
"GATA6","MA1104.2",3589
"GRHL2","MA1105.2",3410
"HLF","MA0043.3",2338
"HNF4A","MA0114.4",3757
"HNF4G","MA0484.2",3654
"HOXB13","MA0901.2",7606
"JUNB","MA0490.2",2125
"JUND","MA0491.2",2098
"KLF4","MA0039.4",10725
"KLF9","MA1107.2",9458
"LHX2","MA0700.2",2490
"MAFF","MA0495.3",3963
"MAFG","MA0659.2",3842
"MAFK","MA0496.3",7679
"MEF2A","MA0052.4",10352
"MITF","MA0620.3",1423
"MXI1","MA1108.2",3103
"MYOD1","MA0499.2",5156
"MYOG","MA0500.2",2944
"MZF1","MA0056.2",3546
"NFE2L1","MA0089.2",2801
"NFIL3","MA0025.2",2980
"NFYB","MA0502.2",3510
"NKX2-5","MA0063.2",2529
"NR4A1","MA1112.2",4374
"ONECUT1","MA0679.2",5662
"OTX2","MA0712.2",3568
"PBX2","MA1113.2",3851
"PHOX2B","MA0681.2",7346
"PKNOX1","MA0782.2",4877
"POU2F3","MA0627.2",5067
"PRDM1","MA0508.3",6465
"RFX1","MA0509.2",2952
"RFX3","MA0798.2",2875
"RUNX3","MA0684.2",3632
"SCRT1","MA0743.2",2918
"SCRT2","MA0744.2",3021
"SNAI2","MA0745.2",6211
"SOX2","MA0143.4",2710
"SPI1","MA0080.5",9557
"SPIB","MA0081.2",7953
"SREBF1(var.2)","MA0829.2",4482
"TCF3","MA0522.3",5475
"TCF4","MA0830.2",5903
"TCF7","MA0769.2",3275
"TEAD1","MA0090.3",3948
"TEAD4","MA0809.2",3887
"TFAP2A","MA0003.4",5532
"TFAP2C(var.2)","MA0814.2",6807
"TWIST1","MA1123.2",3340
"USF1","MA0093.3",2429
"USF2","MA0526.3",2408
"YY2","MA0748.2",2778
"ZNF263","MA0528.2",8972
"CREM","MA0609.2",1534
